Study,Index,Label,Prediction,Actual topic,,
uk.alspac,97755e5d-162c-4db2-847a-d96a19213219,No. Of Foods Giving Skin Reaction,10318,10318,TRUE,
uk.alspac,b2e0d3dd-fb4c-4caf-ae61-fd679169c2dc,Concentration of large LDL particles (mol/l): FOM1,10308,10308,TRUE,?
uk.alspac,47c88e5b-07bd-4e5d-ae8e-881cbc00a59e,J2: Date questionnaire completed - year,10107,115,FALSE,
uk.alspac,f43a6442-2e0c-497c-be39-91ca1556d9b1,Total cholesterol in small VLDL (mmol/l): FOM1,10308,10308,TRUE,?
uk.alspac,8eb587ae-c1c9-4e51-a9da-3a61c8c8ad2b,"Tibia: Axial area moment of inertia in the cross section [mm^4], any dir [F17]",10302,10302,TRUE,
uk.alspac,88b825aa-4b77-4153-9a00-e870cbf331e5,High levels of pyruvate noted in sample: FOF,10318,10308/11304,FALSE,
uk.alspac,54a0ca7a-2f41-46cb-9c1c-c3d25c698d2a,Hip cortical ratio calcar: FOM1,10302,10302,TRUE,
uk.alspac,f6c5da01-b402-448f-a7fd-78534d243478,Have you ever driven a car: on a public road without a licence?,10203,10203,TRUE,
uk.alspac,b7b79434-746a-4b6e-beeb-182888c14955,ST9: Reason not done for post recovery Omron blood pressure reading (after 3 mins recovery): ELBA: TF4,10301,10301,TRUE,
uk.alspac,f422558a-2b09-4fd5-9c26-2d79d175e9cc,Number of missing values,10708,10708,TRUE,
uk.alspac,0862b9b0-0211-4cbe-96a6-a01a72acd816,CIG smoking change during PREG,10604,10604,TRUE,
uk.alspac,3312ddd1-0f7f-446b-b02d-864de41d33bf,Dental health: not done [F17],10310,10310,TRUE,
uk.alspac,4340b819-371a-4f6f-86d7-44ad67d86c50,A3b: Child's parents have helped with out of class activities,108,108,TRUE,
uk.alspac,15782a65-4390-42c0-82b3-583937260d1c,Triglycerides to total lipids ratio in large VLDL (%): TF4,10601,10308,FALSE,
uk.alspac,25adecf4-92c7-4285-8019-7275b1e22a4d,Tibia: X-Coordinate of the centre of cortical area [F17],10302,10302,TRUE,
uk.alspac,85095269-191c-4488-a48d-80b076535bf6,Right Leg: bone mass (g) [F17],10302,10302,TRUE,
uk.alspac,12cb0e1d-1a1d-41c8-9bea-1cb2e2550e1f,why was this? other (please tick and describe),10304,110,FALSE,
uk.alspac,31cc49e8-f0ca-4631-987a-418dec154707,Questionnaire version,101,115,FALSE,
uk.alspac,3527cfb3-0ef9-468c-89a6-7b02526d34b2,A1b: Teacher's rating of child for age - art,108,111,FALSE,
uk.alspac,12b14ecd-de37-458b-8505-8fd54e21af6d,Energetic at PRES,10602,10602,TRUE,
uk.alspac,9edac397-ed72-4103-848c-ce51097d9e5d,C4c: Frequency of staff meetings on social issues,108,108,TRUE,
uk.alspac,629b2a92-4d94-4d63-83e1-fbfc1f7e7e07,DV: Age of study child at completion (months),10107,10107,TRUE,
uk.alspac,6ebc95d9-3025-408c-9c40-a315812f8754,B1b: Respondent has taken medicines for backache in the past 12 months,10504,10504,TRUE,
uk.alspac,d6e9414c-aa10-413f-b3c8-e4ccc0dbc15f,E17b2: Mother stole anything else as a teenager,10607,10607,TRUE,
uk.alspac,a10413e5-3b9f-4bfc-a9b8-9f93f1a3662f,DV: Number of times in typical week respondent walked or jogged with someone else's dog(s): now,10602,10602,TRUE,
uk.alspac,5951bc84-5e3f-4316-9955-2afc76e94952,"Phosphate, F9",103,11304,FALSE,
uk.alspac,99aeadea-19ee-41f3-9d1a-911c3fb609a8,D8: Teacher regrets much past behaviour,104,104,TRUE,
uk.alspac,ea1faa98-6828-485c-b424-dfde4d845364,C4f: YP used toothpick yesterday to clean teeth [F17],10310,10310,TRUE,
uk.alspac,cec0c761-31f7-42f2-80f1-e565accfed6f,Artefact density difference between (800/800) and (200/200) [F17],10309,NA,FALSE,
uk.alspac,b720c273-2de5-45c3-9c1c-268ca22de8e1,Total lipids in IDL (mmol/l): F7,10601,NA,FALSE,
uk.alspac,85794410-8ee9-4a18-82a3-2e15e8e3d667,Cholesterol esters in small VLDL (mmol/l): Baseline: BBS,10301,10301,TRUE,
uk.alspac,7c5d38a9-eb10-433b-a78f-46fd3dc6a120,Ratio of apolipoprotein B to apolipoprotein A-I: FOF,10308,10308,TRUE,
uk.alspac,aaa7800d-a1d9-4cfc-8cce-babf290c9b03,Hip Troch T Score: FOM1,10302,10302,TRUE,
uk.alspac,9f65c63c-f7fe-45c3-9786-ab7327dec29d,B13d1: Incentives used - competition via individual attainment,108,108,TRUE,
uk.alspac,503b2e0f-a13b-4150-8758-981ec1b5f21c,Please tell us the type of heart disease or heart problems,10301,10301,TRUE,
uk.alspac,da34fff7-dd58-47b5-88b2-c1db434b4f8f,Trunk Fat Free Mass  (g): FOM1,10302,10302,TRUE,
uk.alspac,152532b0-3d1c-416e-b45f-cb45a8508082,B2d: Degree to which child did not seem to listen in past school year,104,104,TRUE,
uk.alspac,96f75995-e6a6-4775-bf05-98d693a4e466,Left Trunk: bone mass (g) [F17],10302,10302,TRUE,
uk.alspac,931f9baa-27f4-4323-a1fa-93696042a7da,DV: # activity symptoms,104,104,TRUE,
uk.alspac,36f5f469-1c12-44d9-a9c0-2320e0d92a8f,Assumptions made in calculating child's age at end of school year,101,101,TRUE,
uk.alspac,fdc51530-77ab-4e73-a8d8-f2170de01b9f,Ratio of saturated fatty acids to total fatty acids (%): TF3,10601,10601,TRUE,
uk.alspac,049b6cdd-54cf-456f-9967-be91c02612d8,Cholesterol esters to total lipids ratio in medium LDL (%): Post-glucose: BBS,10307,10301,FALSE,
uk.alspac,90fec810-595d-4a36-8328-819fe50816f0,B13a2: Incentives used - direct written praise,108,108,TRUE,
uk.alspac,11e588fc-91b5-416c-b721-0b5240e48b7f,Gynoid Bone Mass  (g): FOM1,10302,10302,TRUE,
uk.alspac,990c8f81-e579-44e3-847b-63b4a3d754bd,DV: Awkward/troublesome behaviours score (prorated),104,104,TRUE,
uk.alspac,aabfe517-ac17-42d1-9009-886812ecc45c,Please describe the main things you do in this job:,10901,10901,TRUE,
uk.alspac,9de6ef3e-ff1d-4a39-bc20-6f95936ac1d1,Concentration of medium LDL particles (mol/l): TF3,10308,10308,TRUE,
uk.alspac,5105a968-5499-451b-aa7b-afb46bbcc061,Free cholesterol to total lipids ratio in large LDL (%): Baseline: BBS,10301,10301,TRUE,
uk.alspac,1e582148-6343-40b6-9bd2-dd468b36b426,Ratio of conjugated linoleic acid to total fatty acids (%): TF3,10601,10601,TRUE,
uk.alspac,eb759349-bc9d-4668-be2e-020f37c24eb8,Triglycerides to total lipids ratio in small LDL (%): F7,10308,10308,TRUE,
uk.alspac,425f557a-8350-4b5a-9f8d-61cc7c956768,Interview session started,115,115,TRUE,
uk.alspac,fa37792f-5628-4e94-b290-1019ca5a61a1,"RV freewall aa wave, measure 1 (cm/s): GRACE substudy: TF4",10309,10301,FALSE,
uk.alspac,00140231-ae4d-4be8-814d-2affee4a222b,Acetate (mmol/l): Post-glucose: BBS,10307,11304,FALSE,
uk.alspac,acac9557-45fd-4bf6-a4f0-3868921383af,C2: Number of times YP cleaned teeth yesterday [F17],10310,10310,TRUE,
uk.alspac,f5fc2f54-65c1-415e-919c-c0abba7be814,Arms: BMC (g) [F17],10302,10302,TRUE,
uk.alspac,f8ffc08e-d9ac-425f-8944-2bda25919c42,Gynoid Total Mass (g): FOM1,10302,10302,TRUE,
uk.alspac,c8f10453-0f30-4ff3-a406-f501d7c51003,PTNR waiting to start new job,10901,10901,TRUE,
uk.alspac,fc042519-3f9a-4b92-a406-f18a823a3528,dv: Total counts from 0.5g up to 1.1g [F17],10602,???,FALSE,
uk.alspac,ca3f572a-eb7a-435b-a5e8-bac47466f130,Concentration of chylomicrons and extremely large VLDL particles (mol/l): FOF,10303,11304,FALSE,
uk.alspac,9c3d6700-ebde-492d-9f67-59fe06ec0650,Cholesterol esters in chylomicrons and extremely large VLDL (mmol/l): FOM2,103,10301,FALSE,
uk.alspac,474f4b7b-8725-4aa1-b887-08f04f747833,DV: Number of paid teaching staff in class,108,108,TRUE,
uk.alspac,fdce70dc-4126-4cff-8666-db9491df179b,What did you see?,10309,104,FALSE,
uk.alspac,c5f9bc92-1634-41e5-b7cf-d0f374f7470c,Cholesterol esters in large VLDL (mmol/l): F7,10308,10308,TRUE,
uk.alspac,477ceb00-9019-439d-bdfb-7785f412eaa6,Irrit_dur: Duration of irritability symptoms [F17],103,104,FALSE,
uk.alspac,24f5c370-14e5-44cb-bba5-7307b3e30d4e,Cholesterol esters in large LDL (mmol/l): FOF,10308,10308,TRUE,
uk.alspac,d3cd3d7f-ce31-47d3-ab94-c90694fdcc5b,Total cholesterol in VLDL (mmol/l): FOF,10308,10308,TRUE,
uk.alspac,46e292f0-f182-4d71-8e6b-adfe01297210,DV: Daily vitamin D intake (mg) from FFQ at 3 years,10601,10601,TRUE,
uk.alspac,4a56ebf8-5d51-413e-9143-14c9a17e0d6a,"H3: Handgrip, baseline BP - systolic [F17]",10301,10301,TRUE,
uk.alspac,e684f31c-ae4d-4e37-acf8-d13ee43aa846,Free cholesterol to total lipids ratio in large LDL (%): FOM2,10301,10301,TRUE,
uk.alspac,1fcbd5b5-67f7-4c2c-a848-2de0fa931530,Heroin use in past 3MTHS,10606,10606,TRUE,
uk.alspac,d651723e-fdd7-4c8f-ba3e-f41b64e5c5ce,Birth order (within pregnancy),10315,10315,TRUE,
uk.alspac,6208f30f-2d6b-43fb-8d79-f1741e9829f0,please describe,10804,105,FALSE,
uk.alspac,1e4a51b5-27fe-4dae-9e0e-ccdce715e551,What other reason?,10502,11606,FALSE,
uk.alspac,06ab22a7-3184-4ee7-967c-10424c788e3b,how many courses?,10804,10804,TRUE,
uk.alspac,ebfe8798-9fb0-4546-943e-a8eae22acc8e,"TD3: Length of time in a day that YP felt that their thoughts were broadcast out loud, when at it's worst [F17]",104,104,TRUE,
uk.alspac,5d90c4db-9bcd-427a-bec1-9c74ab48c758,Total phosphoglycerides (mmol/l): Post-glucose: BBS,10307,11304,FALSE,
uk.alspac,ee8e24fb-798f-42e1-b2b1-b33b4e03aed4,Saturated fatty acids (mmol/l): FOM1,10308,10308,TRUE,
uk.alspac,95c97fac-c9f0-45f9-b1b3-1598aeebb69f,DV: Gestation when hypertension/pre-eclampsia diagnosed (days) (Derived EDD & b5b dates),114,114,TRUE,
uk.alspac,15665287-daae-41e4-ac08-e22eea23706d,"DV: Whether any externalising disorder present (ODD CD ADHD parent 6-band computer prediction, ICD-10 & DSM-IV): TF3",104,104,TRUE,
uk.alspac,25b0d774-ea6c-461c-9828-634c41f901b4,Children often have accidents or illnesses that need treatment. Please indicate which of the following have been given to your child since he was 15 months old. other (please describe),10504,,FALSE,
uk.alspac,8b60ebcb-8400-416d-ad9f-4bd3484c5001,E6: Teacher sometimes thinks to be no good at all,104,,FALSE,
uk.alspac,23f203ca-e338-4741-be87-951b79db9092,DV: # missing troublesome behaviours components,104,,FALSE,
uk.alspac,3df219b2-f3c0-4dd8-8391-271b672cb523,Total lipids in large LDL (mmol/l): FOF,10308,,FALSE,
uk.alspac,5a8e8ff7-e701-420a-9440-fdfe2657f4a5,Cholesterol esters to total lipids ratio in medium LDL (%): Baseline: BBS,10301,,FALSE,
uk.alspac,6baa9455-d303-4a05-b476-385ea253cbfc,B6a: Child has ever used a computer at school,10709,,FALSE,
uk.alspac,32f85910-6858-4da2-93eb-777f6af07cc1,Marrow fat and lean density (fibula) (mg.cm^-3) [F17],10302,,FALSE,
uk.alspac,0bab4bcf-091e-4c1e-98c6-40f006cd0de7,D4: Degree to which child shared readily with other children in past 6 months,104,,FALSE,
uk.alspac,32ee5c51-752c-4727-b1f0-32215451d111,Cholesterol esters to total lipids ratio in medium HDL (%): FOM1,10308,,FALSE,
uk.alspac,5f287020-49ad-4c3e-a689-14cda1e58475,Triglycerides in large LDL (mmol/l): FOM1,10308,,FALSE,
uk.alspac,cbb6fa23-7ddf-4028-9e14-3d50d1d9dcba,Concentration of very large HDL particles (mol/l): TF3,10308,,FALSE,
uk.alspac,49a6aa99-a0f3-4152-adcb-dd02596be5a8,DV: Daily potassium intake (mg) FFQ mothers (47months),10601,,FALSE,
uk.alspac,de70b2bd-4996-4d7c-9b7d-c18210faebbc,B7g: Number of pupils in school with family ill-health at home,108,,FALSE,
uk.alspac,96814c10-44a5-4ad0-b52e-1534dcbdec90,n_g57: Counts within G-band above: 5.7g [F17],10601,,FALSE,
uk.alspac,11416107-8fc9-4b48-801e-473ce090dab9,Questionnaire return status (as of 30/04/08),115,,FALSE,
uk.alspac,8c7868c3-5d9d-4723-b733-ad8ec8d9a783,"A2a5: School noise, external sources - usually quiet",108,,FALSE,
uk.alspac,232e9b52-478f-4e1c-8226-805d3a3330c5,E17a: Mother has ever stolen anything else,10607,,FALSE,
uk.alspac,90b80624-71b1-4deb-a2af-df313c5b2285,Triglycerides to total lipids ratio in small VLDL (%): FOM2,10301,,FALSE,
uk.alspac,51f7c684-90c8-47ff-b62e-501543c01bc4,Total cholesterol to total lipids ratio in medium HDL (%): F24,10601,,FALSE,
uk.alspac,099d45db-b786-443b-968d-873f76377ac1,Pyruvate (mmol/l): FOF,10308,,FALSE,
uk.alspac,fdbb60b8-99e1-4e5a-8feb-cd288b66d732,DV: Assessments used (Y/N) - pupil self-assessment,108,,FALSE,
uk.cls.bcs70,78c5dfb4-ae64-4406-8e72-6678da5d28b9,Please indicate here what the court said you had done on the last (only) occasion,10322,,FALSE,
uk.cls.bcs70,ad57ebc6-f7ed-4bc1-87c6-13547ca639ac,First name/s,115,,FALSE,
uk.cls.bcs70,ebfac818-ba90-4bd7-babd-9bc1e0351e09,Can you tell me [^child name]’s date of birth? DAY,10107,,FALSE,
uk.cls.bcs70,03093017-402c-4109-a404-27809b340217,Please describe in your own words what you mainly did in this job.,10901,,FALSE,
uk.cls.bcs70,96f7a6e9-9819-4587-b6c4-9db38ff9e946,Was rubella a risk factor on CHC records (Preg/Delivery)?,103,,FALSE,
uk.cls.bcs70,9a3b074d-61cf-40e9-8cd7-e0423d6e5b8b,"If your child is... ... 0 - 3 months old, tick this box",10318,,FALSE,
uk.cls.bcs70,e3d96a51-65c8-4ec8-92a1-ed636c5100a7,StudSC -Text present on inside cover,110,,FALSE,
uk.cls.bcs70,8820b4d8-2605-4295-b4ce-14611b3a6bb9,Friends & outside -Upset by property taken when not there,110,,FALSE,
uk.cls.bcs70,09e285e5-b4f7-418a-ba9d-5e76d354e52b,Was psychiatric condition a risk factor on HV records (Preg/Delivery)?,103,,FALSE,
uk.cls.bcs70,73ee7491-95b3-4453-b355-e57ebf4b49bd,How many times has it happened in the last 12 months?,10323,,FALSE,
uk.cls.bcs70,d9137e90-374c-4466-9e05-f1a416eb2542,2008: Highest NVQ Level from a Vocational Qualification  up to 2008,10801,,FALSE,
uk.cls.bcs70,9d11f1e2-5c8f-43eb-bb26-17846e1b3a65,StudSC -Stole something worth <#5 from a shop,110,,FALSE,
uk.cls.bcs70,f0c10d52-2c46-4495-be26-f983d1f84a9d,Friends & outside -Someone threatened me to frighten me,110,,FALSE,
uk.cls.bcs70,db100b41-16d7-4d7b-a994-c2a62881ab0f,Was being a twin a risk factor on HV records (Preg/Delivery)?,103,,FALSE,
uk.cls.bcs70,b97deec0-3e28-48a5-bb62-ac15f7106da1,Friends & outside -Other friend been moved on by police,110,,FALSE,
uk.cls.bcs70,91b5082f-797a-417d-969e-b7eeff1e190c,"Total number of days absent during Spring Term 1986. Please add up the total number of days missed (add half days as well, rounding up to full days) but do not include days pupil was away on school courses. ... days",108,,FALSE,
uk.cls.bcs70,30e8a98e-16fa-46cc-a636-3eb411e46689,research case identifier,115,,FALSE,
uk.cls.bcs70,feaa0af5-fe56-40d2-909e-194c001e3be8,"A few interviews on any survey are checked by a supervisor to make sure people are happy with the way the interview was carried out. In case my supervisor needs to contact you, may we use one of the telephone numbers for that?",115,,FALSE,
uk.cls.bcs70,6cc169d7-7a2e-4252-a43d-5287f929a3ad,"How many babies were you carrying [^as a result of your [^first/ next] pregnancy since [^date of last interview/your 16th birthday] that resulted in a still-birth, miscarriage or termination]?",114,,FALSE,
uk.cls.bcs70,6ee73918-059d-433e-8fe5-c72b6a351aba,Name of Interviewer,115,,FALSE,
uk.cls.bcs70,bcfe7acc-b598-4479-a44e-45ef446150e7,SPACE FOR ANY COMENTS BY SCM (CHILD HEALTH) OR PERSON WHO ACTS AS CENTRAL STUDY CO-ORDINATOR,10106,,FALSE,
uk.cls.bcs70,b68811b7-364c-46d0-90a6-7c7c5504f22f,PI -Absent: Date of birth year - 4th listed,10702,,FALSE,
uk.cls.bcs70,57e51333-833f-4780-923d-75cd013f39b4,Friends & outside -Police told when force used-to frighten,110,,FALSE,
uk.cls.bcs70,ed4a2223-df81-482d-830d-6b19aa4472b2,StudSC -Taken others car/bike etc no permission,110,,FALSE,
uk.cls.bcs70,7f3a6f09-02ff-438f-92d1-4061979e40b0,INTERVIEWER: Enter relationship of carer to cohort member.,10708,,FALSE,
uk.cls.bcs70,b6aba0b8-1e80-4f45-8dc1-f450db827ce0,"Please write in your own words a short account of the impression you have gained from the records of this child's health and health care in the first five years and also whether there are any environmental, social or family factors which you consider to be important.",10708,,FALSE,
uk.cls.bcs70,1bb9c6df-2d87-45d2-bb06-397740c72dc2,How upset were you on the last occasion?,10402,,FALSE,
uk.cls.bcs70,e94aca94-e096-493c-8c5d-d91ce7ebd98f,Life & leisure -Some other type of job contact,10709,,FALSE,
uk.cls.bcs70,df29cb6a-7040-4214-a9f1-61b16e43e708,"Can I check, [^are you/is cohort member’s name] planning to move from this address in the next 12 months? IF YES: Could you tell me the new address?",10201,,FALSE,
uk.cls.bcs70,77cc4bdd-1bf2-4c98-b9c3-14b88827a909,Friends & outside -Other friend let off with warn by police,110,,FALSE,
uk.cls.bcs70,0fec17f6-0ddf-499f-a6a8-c0e916111b31,"Could you tell me  [^your/cohort member’s name’s] [husband/wife/partner]’s [^correct] mobile number?

",115,,FALSE,
uk.cls.bcs70,f22d030b-fadd-4368-be7d-5b57226cf443,Friends & outside -Were police told- stole from by force,110,,FALSE,
uk.cls.bcs70,10672fe6-47c4-456c-af73-4cde0adf8447,What is your job title?,10901,,FALSE,
uk.cls.bcs70,54e20c65-b2e2-4586-95a0-76e1f88b51c3,What type of work do you do most of the time? (Include details of any machinery or special materials used or any special skills/training),10901,,FALSE,
uk.cls.bcs70,914c40ea-41e1-45bd-bffa-896f5049ddc4,Date document P completed (year),115,,FALSE,
uk.cls.bcs70,ad02a583-4b10-4d56-b25f-119ea436a245,LIST THE 3 LEAST USEFUL,10402,,FALSE,
uk.cls.bcs70,e9349af0-63f0-40f2-a2d2-9dfafa9cf7b1,Friends & outside -How often force usd pst yr- other reason,110,,FALSE,
uk.cls.bcs70,975235f4-d3b0-4208-994b-2b6cd74c4da8,What did you mainly do in this job?,10901,,FALSE,
uk.cls.bcs70,de647915-b103-40ea-a11f-fd79bf083777,StudSC -Watched an X cert film in a cinema,10709,,FALSE,
uk.cls.bcs70,f33e8f3f-cd4f-4244-bb39-260f1322b993,"DOES CHILD ATTEND SCHOOL, NURSERY SCHOOL, PLAYGROUP OR ANYTHING LIKE THAT?",10816,,FALSE,
uk.cls.bcs70,33b43947-b8e0-4a67-bdac-ebb4a0ce8f9f,When did you [^get divorced/legally dissolve your civil partnership]? MONTH,10703,,FALSE,
uk.cls.bcs70,94e2adaf-5367-4b2a-8f57-9f3eaf4491ec,What is [^child name]’s date of birth? MONTH,10107,,FALSE,
uk.cls.bcs70,94a851ec-009b-49d9-bd12-34c97af0f62f,Name of school,10106,,FALSE,
uk.cls.bcs70,cb6627fb-5ba8-41f6-8437-eab5d8397dbf,Fam followup -Date started-starting cont education (mt),108,,FALSE,
uk.cls.bcs70,8f7b0f9e-7414-4152-9264-b7905c4d5a5b,"Please could you enter your full postal address. Please provide at least the first line of the address, the town and the postcode. Please use capital letters and leave a space between the two parts of the postcode. For example WC1H 0AL. Country",10106,,FALSE,
uk.cls.bcs70,edf0a9c2-4b13-4732-aaa1-ee582d5b17db,What was [^the date of this still birth/the date of this miscarriage/ the date of this termination]? MONTH,10306,,FALSE,
uk.cls.bcs70,077db4e1-1086-4fea-9e46-5c5e5aa3e07c,Friends & outside -Someone used force to make me have sex,110,,FALSE,
uk.cls.bcs70,901b4b13-067b-4ace-8ee7-33209c44ca56,ENTER DATE [GOT MARRIED/ BECAME CIVIL PARTNERS] MONTH,10703,,FALSE,
uk.cls.bcs70,8f34cc43-e4a6-46c9-9a3a-6dce75006c3a,You have said that you receive £{GROA} per hour. ”}. Are you sure this is correct? If you need to change your answer please go back and do so.,10903,,FALSE,
uk.cls.bcs70,2071e774-a8c3-407a-8969-d5bc9fed424c,Was there another risk factor on CHC records (1st wk of life)?,103,,FALSE,
uk.cls.bcs70,432ec28b-d623-4aec-90db-2b531b60d7a8,Friends & outside -Were police told about property taken,110,,FALSE,
uk.cls.bcs70,0fce8d50-5dec-4fe3-884b-dc3bbffc7d38,Friends & outside -How often force used past yr- to petting,110,,FALSE,
uk.cls.bcs70,a3f59623-3eaf-45f5-8b6c-9b3c39b509c9,INTERVIEWER: ENTER FUTURE ADDRESS – COLLECT ON ONE SCREEN SECOND LINE,115,,FALSE,
uk.cls.bcs70,676a9d4d-f892-47a0-934f-42476118ec18,(Derived) Cohort member lives with a spouse or partner,10702,,FALSE,
uk.cls.bcs70,0ad908e7-f5fe-4672-8199-029989ab5686,"Comments, e.g. Notes unclear, records absent, extra information, etc.",115,,FALSE,
uk.cls.bcs70,8198f6fb-e199-46d7-bccf-13517e2f1926,"Fam followup -Has medical check been done,arranged yet",10501,,FALSE,
uk.cls.bcs70,fef137bb-8e63-49da-a94f-f97e24abc895,"Comments, if any",10322,,FALSE,
uk.cls.bcs70,5faf3175-e676-4577-a1eb-eec96458bda5,What is the duration of your course?,108,,FALSE,
uk.cls.bcs70,35a38d17-d591-4581-844b-0edd4794ec31,StudSC -Broke into others' house to steal,110,,FALSE,
uk.cls.bcs70,2a598585-1c15-4304-bde3-24c815a6af40,"If you have tried any of the following, who were you with on the last occasion? (Whether you should use List A or List B is shown on key at the top of page 8). Skiing",10709,,FALSE,
uk.cls.bcs70,e534f7cc-f778-450a-a2fa-f14a9bbc73f0,"Please could you enter your full postal address. Please provide at least the first line of the address, the town and the postcode. Please use capital letters and leave a space between the two parts of the postcode. For example WC1H 0AL. Postcode *",10106,,FALSE,
uk.cls.bcs70,93fcadee-9776-49e3-a5fb-84ecef82c789,Teacher qnaire -Removed to onsite centre due to beh prob,10807,,FALSE,
uk.cls.bcs70,127f95d5-70c7-45b2-8831-f4558f811b03,"You have said your income was more than £100,000. If this is correct, please select 'Continue'. Otherwise please go back and amend your answer.
",10903,,FALSE,
uk.cls.bcs70,e962625c-5c27-42c5-bc2f-bfc549e484a0,INTERVIEWER: ENTER CORRECTION TO ADDRESS OR NEW ADDRESS – COLLECT ON ONE SCREEN ... SECOND LINE,10201,,FALSE,
uk.cls.bcs70,9df5f5ce-796d-4162-a9d0-1083003d3eaa,Could I take [^your / cohort member’s name’s] [^correct] home telephone number?,115,,FALSE,
uk.cls.bcs70,bbe6e130-2b91-42e7-9a9e-65bb19d97b87,Please describe in your own words what your partner mainly did in this job.,10901,,FALSE,
uk.cls.bcs70,eebae2e5-399a-4f6e-ba4b-724f7316a577,When did you get your [first/next] Higher qualification? ,10801,,FALSE,
uk.cls.bcs70,955c9326-217b-4a23-8770-252ac307151c,Date document Q completed (month),115,,FALSE,
uk.cls.bcs70,889ec8f6-64d3-4fac-9ee0-16adcc8e1e02,Who paid the fees for this course?,108,,FALSE,
uk.cls.bcs70,e332fa83-98a7-4be0-a385-6be3b5a52b5b,What were the other symptoms you experienced?,10323,,FALSE,
uk.cls.bcs70,6068b8d2-01bc-419b-93e1-eb6bc6ea1cf0,Has the school had to prepare reports on this pupil for: The Courts,10807,,FALSE,
uk.cls.bcs70,558a8a5d-3255-470a-b22e-b82ef0fa8aef,Date of Birth,10107,,FALSE,
uk.cls.bcs70,567238ab-4256-472d-b892-70766557a641,PI -Mother's employment 1970 OUG,10901,,FALSE,
uk.cls.bcs70,a8fab57c-f814-48e1-bf5d-5fc00807e96b,Life & leisure -Non-paid activity:helping single parents,10709,,FALSE,
uk.cls.bcs70,879c43dc-b5e3-4597-a312-adf35965b380,What were you doing?,10402,,FALSE,
uk.cls.bcs70,76df3be8-634d-4d78-87dd-47fc7338264f,"At the time of the outbreak of the Coronavirus in March 2020 was your weekly gross pay from your main job – that is before any deductions for tax, National Insurance, pension, union dues and so on...",10903,,FALSE,
uk.cls.bcs70,9ba98b29-583d-4124-8e6c-0207687d2af0,Special Educ treatment - Partially sighted,103,,FALSE,
uk.cls.bcs70,7e78bc39-d1dc-4a89-b1ad-b23af51b885b,INTERVIEWER: ENTER TELEPHONE NUMBER INCLUDING STANDARD DIALLING CODE,115,,FALSE,
uk.cls.bcs70,13bb2c75-b84b-42a2-a6ca-8c451d2af177,How many people does [^he/she] employ at the place where [^he/she] works?,10901,,FALSE,
uk.cls.bcs70,f94b0833-c998-4709-8bd1-56077ddf94be,"The answer you've given is quite short. Before continuing, please go back and check your answer to make sure you have fully described the firm or organisation you work for.",10901,,FALSE,
uk.cls.bcs70,71a462e4-2146-4f8b-869c-485d7f9e977a,Could I take your [^your / cohort member’s name’s] [^correct] work number?,115,,FALSE,
uk.cls.bcs70,8de910df-dd10-4b6a-958b-bc795d9d0ace,INTERVIEWER: ENTER FUTURE ADDRESS – COLLECT ON ONE SCREEN POSTCODE,10106,,FALSE,
uk.cls.bcs70,1833ccc0-345f-43ab-8146-aa953e6215aa,"Can I just check, is [^child name] still alive?",10704,,FALSE,
uk.cls.bcs70,d56d6293-113b-4b46-9c1f-eee27bd46685,Friends & outside -How much was the property taken worth?,10201,,FALSE,
uk.cls.bcs70,a8feb1aa-a6f1-4030-80d4-f735e556663b,Were the police told on the last occasion?,10501,,FALSE,
uk.cls.bcs70,3eff9a3b-bbf4-4041-a738-bd47bdc69074,PI -Absent: Date of birth year - 6th listed,10702,,FALSE,
uk.cls.bcs70,963d6f0c-bd1c-4512-8dab-10c77f1a41f8,"INTERVIEWER, YOU WILL NOW BE SENT BACK TO MHMANY. ENTER THE NUMBER OF OTHER PEOPLE THE RESPONDENT LIVES WITH, INCLUDING THE ONES YOU HAVE ALREADY COLLECTED NAMES FOR AT NHNAMES.",115,,FALSE,
uk.cls.bcs70,78c21667-cf2a-4d4c-8ce3-48363235eea8,Please indicate here what the police said you had done:,10322,,FALSE,
uk.cls.bcs70,ab8fa305-d2bf-475c-9f09-1796166abd00,PI -Text pool entry 7 poinetr,10323,,FALSE,
uk.cls.bcs70,b6bcecad-5f63-4134-94ad-d666c8031ec6,StudSC -Taken a bike no intention to put it back,10322,,FALSE,
uk.cls.bcs70,ba8ee2e7-8557-4baa-92f7-7c3547937b70,INTERVIEWER: Ask or code [^household member’s name]'s sex.,10102,,FALSE,
uk.cls.bcs70,08d1c7cb-e49a-4133-8639-fd2998552ee2,"PI -Mother's employment, description of job(A)",10901,,FALSE,
uk.cls.bcs70,6aaca9ab-3c58-449d-b39a-7396ed1bce0c,"Life & leisure -Sch arranged info on work,YTS,further ed",108,,FALSE,
uk.cls.bcs70,c8ecfb87-2fa7-4ec1-864d-3d6f04e2f457,"Finally, in the last COVID-19 Survey we asked if you could download the COVID-19 Symptoms Tracker app on your mobile device and use it to record your symptoms. Have you downloaded and used the app?",10501,,FALSE,
uk.cls.bcs70,2df2c62d-0544-4705-a197-37e2fa4707e0,"This card shows incomes in weekly, monthly and annual amounts. Which of the groups on this card represents your [^and your husband/wife/partner’s] total take-home income from all these sources and earnings, after tax and other deductions? Please include council tax benefit and housing benefit payments even if they are paid directly to your landlord. Just tell me the letter beside the row that applies to your joint incomes.",10903,,FALSE,
uk.cls.bcs70,699f649e-7e64-4621-8e58-d6007a8c5527,Friends & outside -Upset by being stolen from by force,110,,FALSE,
uk.cls.bcs70,f68c6079-3983-4482-b1be-a666d8937126,When did [^child name] die? MONTH,10704,,FALSE,
uk.cls.nextsteps,cbcd35bd-59fc-4014-ad8f-de22722e7bee,"You have said {ANSWER AT WRKTELNUK_N} is your telephone number. If this is correct, select 'Continue'. Otherwise please go back and amend your answer.",10901,,FALSE,
uk.cls.nextsteps,3e0020db-28cd-44ef-9756-f6ae9570b309,What is your work telephone number (if you have one)? We will only ever contact you about Next Steps. First select either UK or non-UK phone number below.,10901,,FALSE,
uk.cls.nextsteps,81533640-c87f-4076-b2fd-447d40120214,Please describe in your own words what your partner mainly did in this job.,115,,FALSE,
uk.cls.nextsteps,a7cbd548-9dbd-438d-81e3-b719bbc49a49,What is your weight in kilograms?,115,,FALSE,
uk.cls.nextsteps,d0263479-9e64-43f9-98b5-6a09550aa334,Please enter your weight in stones and pounds. Please enter stones.,115,,FALSE,
uk.cls.nextsteps,6be8ad34-882e-4036-9554-03b9ba2e4b9b,"You have said that your partner works for 100 or more hours a week. If this is correct, please select 'Continue'. Otherwise please go back and amend your answer.",10901,,FALSE,
uk.cls.nextsteps,411b1154-81a0-4a38-801a-3703689f43f9,In the past few weeks have you been troubled by... Needing to sleep longer?,10709,,FALSE,
uk.cls.nextsteps,e9be0524-f612-4f8c-9078-a31f35c9d392,Please enter your mobile number. UK phone numbers start with 0 and are 10 or 11 digits,115,,FALSE,
uk.cls.nextsteps,7f2e8907-cb43-4e30-aa0b-f4921dec33c1,"Please enter your home telephone number including area code. For international numbers enter 00 at the start instead of ""+"". Your phone number should not have more than 15 digits.",10106,,FALSE,
uk.cls.nextsteps,7259c518-fffc-4de0-a395-0da11fe0c405,Please enter your home telephone number (if you have one). First select either UK or non-UK phone number below.,10201,,FALSE,
uk.cls.nextsteps,b0eda9be-b707-42c0-80a4-0ea55a8b2fae,"Just before the Coronavirus outbreak in March 2020, how many hours per week did you usually work, not including meal breaks but including overtime? Please round to the nearest hour.",10901,,FALSE,
uk.cls.nextsteps,b5748ee3-0034-4fef-b5b7-09c8801acfcd,Please describe in your own words what your partner mainly does in their job.,10901,,FALSE,
uk.cls.nextsteps,834f44db-cd56-4874-ac39-08724093b2ad,"Please could you enter your full postal address. Please provide at least the first line of the address, the town and the postcode. Please use capital letters and leave a space between the two parts of the postcode. For example WC1H 0AL. Country",115,,FALSE,
uk.cls.nextsteps,27cfaf8b-47fd-4dcc-8f72-48473a431013,Was your take home income in the last 12 months different to your take-home income in the 12 months prior to the Coronavirus outbreak in March 2020?,10903,,FALSE,
uk.cls.nextsteps,9387e67a-460e-4de4-bcb8-c6c3a6b2b2f6,"You've put {#FACEBKNM} as your Facebook username, is this correct? If this is correct, select 'Continue'. Otherwise please go back and amend your answer.",115,,FALSE,
uk.cls.nextsteps,7084d425-972a-4bab-951a-6669d82c6057,"Thinking about now, in general would you say your mental health is…",10323,,FALSE,
uk.cls.nextsteps,c9ea1f38-206d-458a-bd4a-37c929ddecb7,"{IF ECONACTIVITYB2 = 1,3,4: “What did the firm or organisation you work for mainly make or do?” IF ECONACTIVTYB2 = 2: What did your firm or organisation mainly make or do?",10901,,FALSE,
uk.cls.nextsteps,9bfaf6fc-ce59-472c-aadc-ee75538b7760,"Overall, how satisfied are you with your life nowadays, where 0 means 'not at all' and 10 means 'completely'?",110,,FALSE,
uk.cls.nextsteps,4b44db02-61c2-421c-ae6a-44170d67d792,"Has the number of hours your partner usually works per week, changed since the outbreak of the Coronavirus in March 2020?",109,,FALSE,
uk.cls.nextsteps,fede0c86-ff8f-48fb-bafd-e508f083458e,"In this job, did your partner have a zero hours contract?",10901,,FALSE,
uk.cls.nextsteps,97da7610-a073-43b4-86b8-97a77bcce9ad,"In the last 12 months, is the amount you personally took out of the business after all taxes and costs...",10903,,FALSE,
uk.cls.nextsteps,30bcbe5c-a469-4338-b005-ecd7bf523437,Please describe other relationship,115,,FALSE,
uk.cls.nextsteps,3aa7fb3b-a310-4722-a839-9ee15170198e,"The address that we hold for them is: {#FFSC1ADDRESSLINE1} {#FFSC1ADDRESSLINE2} {#FFSC1ADDRESSLINE3} {#FFSC1ADDRESSLINE4} {#FFSC1ADDRESSLINE5} {#FFSC1POSTCODE} Is that correct and complete? If not, please select 'No' to update address or add any missing information.",10702,,FALSE,
uk.cls.nextsteps,2b6f50e9-be08-4c87-82c2-c69c3fd76e40,"You have said that you worked for 100 or more hours a week. If this is correct, please select 'Continue'. Otherwise please go back and amend your answer.",10901,,FALSE,
uk.cls.nextsteps,e2c8ffb3-c222-4b49-ba8f-18e15e8b3cb6,"You have said that you receive £{HHINCA} {IF HHINCP = 1: “per week”; IF HHINCP = 2 “every two weeks”:; IF HHINCP =3: “every month”; IF HHINCP = 4: “per year”}. If this is correct, please select 'Continue'. Otherwise please go back and amend your answer.",10908,,FALSE,
uk.cls.nextsteps,286b987f-9292-47ed-bea8-18c5766df5c3,In the past few weeks have you been troubled by... Prolonged tiredness after activity?,10709,,FALSE,
uk.cls.nextsteps,450589b5-24c9-4cf0-bf11-3145594e3b59,"Please enter your full name - title, first name, middle name and surname. Middle name",115,,FALSE,
uk.cls.nextsteps,9647ff81-b5b9-41cc-92eb-f227da185079,Are you studying full or part time?,10801,,FALSE,
uk.cls.nextsteps,2a54532f-4406-4fd0-a2a3-dee74c96732e,Please enter their telephone number including area code. UK phone numbers start with 0 and are 10 or 11 digits.,10908,,FALSE,
uk.cls.nextsteps,b2088a6d-791d-4cde-bd9c-ad02bba6470d,What is their full address? Please use capital letters and leave a space between the two parts of the postcode. For example WC1H 0AL. Address line 2,115,,FALSE,
uk.cls.nextsteps,d836b889-2e8f-44f4-803c-1fb2755f59eb,"Please enter your full name - title, first name, middle name and surname. First name",115,,FALSE,
uk.cls.nextsteps,04c8770c-a852-490f-84e2-9b3344f70b7d,What is their full address? Please use capital letters and leave a space between the two parts of the postcode. For example WC1H 0AL. Country,115,,FALSE,
uk.cls.nextsteps,4ccb5c60-0f0b-411c-984d-e499aa96b290,"You have said that you smoke more than 60 cigarettes a day. If this is correct, please select 'Continue'. Otherwise, please go back and amend your answer.",10901,,FALSE,
uk.cls.nextsteps,00166395-5573-4550-8656-04c626bc3830,"In answering the following questions, think about your current relationships with friends, family members, community members, and so on. Please indicate to what extent each statement describes your current relationships with other people. I have family and friends who help me feel safe, secure and happy",110,,FALSE,
uk.cls.nextsteps,83fc2df2-ddb2-4513-90ad-ed0c9ca7e81a,"You have said {ANSWER AT WRKTELUK_N} is your work telephone number. If this is correct, select 'Continue'. Otherwise please go back and amend your answer.",10901,,FALSE,
uk.cls.nextsteps,acf48dd6-f372-4eec-a576-84224b898ced,How is this person related to you?,10702,,FALSE,
uk.cls.nextsteps,2a5846af-bf35-4c89-bbf4-331db567c11c,"Over the past two months, how often have you experienced your heart racing (palpitations), when you are not exercising",10606,,FALSE,
uk.cls.nextsteps,3e728445-55e6-4989-b5b7-d13f0e0b971d,"{IF ECONACTIVITYD = 1,2,3,4,5: “What does the firm or organisation you work for mainly make or do?” IF ECONACTIVTYD = 6,7: What does your firm or organisation mainly make or do?",10901,,FALSE,
uk.cls.nextsteps,d70f8da5-3940-4987-8007-d8863da31f7f,"Please enter their telephone number including area code. For international numbers enter 00 at the start instead of ""+"". Their phone number should not have more than 15 digits.",115,,FALSE,
uk.cls.nextsteps,69797e62-e6ed-4328-a260-4cec60b30a24,"Please could you enter your full postal address. Please provide at least the first line of the address, the town and the postcode. Please use capital letters and leave a space between the two parts of the postcode. For example WC1H 0AL. Address line 1 *",115,,FALSE,
uk.cls.nextsteps,66f00bc0-5e35-4ab0-8393-a053625d4405,"Was your partner {IF PECONACTIVITYD = 1,2,3: “working for their current employer” IF PECONACTIVITYD = 4 “doing this apprenticeship” IF PECONACTIVITYD = 5 “doing the same unpaid/voluntary work that they are doing now” IF PECONACTIVITYD = 6,7 “self-employed in the same kind of work that they are doing now” at the time of the Coronavirus outbreak in March 2020?",10901,,FALSE,
uk.cls.nextsteps,25386330-100d-4494-afc3-cbfe604d91e2,"You have said {ANSWER AT HOMETELUK_N} is your home telephone number. If this is correct, select 'Continue'. Otherwise please go back and amend your answer.",10901,,FALSE,
uk.cls.nextsteps,a68daf9a-023f-4503-a6f1-42af808c600f,"How much do you agree or disagree with each of the following statements? Overall, I expect more good things to happen to me than bad",110,,FALSE,
uk.cls.nextsteps,ce545439-8e6f-4443-9693-ee726484a773,"What is their full name - title, first name, middle name and surname? First name",115,,FALSE,
uk.cls.nextsteps,2c5d3360-c1a1-4f3e-b323-98044fd89cf5,"You have said {ANSWER AT MOBTELUK_N} is your mobile telephone number. If this is correct, select 'Continue'. Otherwise please go back and amend your answer.",10901,,FALSE,
uk.cls.nextsteps,b544b1c7-7c52-41d4-968b-c66cfdf5ac07,Please describe in your own words what you mainly did in this job.,110,,FALSE,
uk.cls.nextsteps,764053e9-95ec-4d70-bcb6-44fdd77660e2,The mobile telephone number we hold for you is: {FFMOBILETEL} Is that correct?,10106,,FALSE,
uk.cls.nextsteps,0be570c1-4d06-45bf-bc92-dbaae6ddba36,"The answer you've given is quite short. Before continuing, please go back and check your answer to make sure you have fully described the firm or organisation you work for.",10901,,FALSE,
uk.cls.nextsteps,a6fd57f4-adbe-428d-9f9e-5119e65c932f,What was your job title at that time?,10901,,FALSE,
uk.cls.nextsteps,f75da0b8-af57-42c0-b756-6a508eb4ea4e,"Please could you enter your full postal address. Please provide at least the first line of the address, the town and the postcode. Please use capital letters and leave a space between the two parts of the postcode. For example WC1H 0AL. Address line 2",115,,FALSE,
uk.cls.nextsteps,877bc2c5-acb1-471e-96e5-223ce305a8e1,In the past few weeks have you been troubled by... Poor sleep?,10709,,FALSE,
uk.cls.nextsteps,6e59f311-25b2-4428-b21c-9884e3aa4d85,"You have said {ANSWER AT SCTEL2NNUK_N} is their telephone number. If this is correct, select 'Continue'. Otherwise please go back and amend your answer.",10901,,FALSE,
uk.cls.nextsteps,20916814-c6cd-4c09-8bda-3643b2953b6b,What is their full address? Please use capital letters and leave a space between the two parts of the postcode. For example WC1H 0AL. County,115,,FALSE,
uk.cls.nextsteps,8d924f79-3420-4148-b186-1eb9a909f4ac,Please describe other relative,115,,FALSE,
uk.cls.nextsteps,533a3de0-c49d-42c9-89b2-bec68848e6f4,"At the time of the outbreak of the Coronavirus in March 2020 was your weekly gross pay from your main job – that is before any deductions for tax, National Insurance, pension, union dues and so on...",10903,,FALSE,
uk.cls.nextsteps,5ca84b30-66ca-4907-9366-6f1863a3638f,"In the 12 months prior to the outbreak of the Coronavirus in March 2020, was the amount you personally took out of the business after all taxes and costs…",10903,,FALSE,
uk.cls.nextsteps,6626918f-701e-4830-a77c-371b4279231e,Thank you. We would like to make sure that we hold the best email address to use to contact you. The email address we currently hold for you is :{FFEMAIL}. Is this the best email address to use to contact you?,10702,,FALSE,
uk.cls.nextsteps,7e724650-3dfc-4871-a2e6-aa8555d581fd,"Just before the Coronavirus outbreak in March 2020, how many hours per week did your partner usually work, not including meal breaks but including overtime? Please round to the nearest hour.",10901,,FALSE,
uk.cls.nextsteps,461efd71-4d72-4902-ac04-6a55b68ab484,"You have said that you weigh {ANSWER AT WGHTKG} kilograms. If this weight is correct, please select 'Continue'. Otherwise please go back and amend your answer.",109,,FALSE,
uk.cls.nextsteps,819bb75b-ce6d-4afc-9cc8-c2e73b0c59ef,"What is your Facebook username (e.g. childnc)? To find your Facebook username from a web browser, go to www.facebook.com, log in, click on your profile icon at the top right hand side of the screen, then copy the text that appears after ""https://www.facebook.com/"" in the URL bar. From the Facebook app, go to your profile, click on the ""settings"" icon, which you can find by clicking on the 3 dots (...) , and your username will be displayed in the box titled ""Your profile link"".
",115,,FALSE,
uk.cls.nextsteps,96f1b392-d5d2-418f-9904-bdec7e029e93,How much do you agree or disagree with each of the following statements? I'm always optimistic about my future,110,,FALSE,
uk.cls.nextsteps,b4f276db-c166-498e-96e2-a528c4eda824,"Please enter the names of the children you live with below. If you prefer, you can just give their first initial(s) or a nickname. We only need this information to help ask questions later in the survey.",115,,FALSE,
uk.cls.nextsteps,82d2f140-b1a7-43e4-bce5-33799f291450,"Please could you enter your full postal address. Please provide at least the first line of the address, the town and the postcode. Please use capital letters and leave a space between the two parts of the postcode. For example WC1H 0AL. Postcode *",115,,FALSE,
uk.cls.nextsteps,15975d5a-859e-4e7a-824c-8be6aceca326,"Were you {IF ECONACTIVITYD = 1,2,3: “doing the same job you are doing now” IF ECONACTIVITYD = 4 “doing this apprenticeship” IF ECONACTIVITYD = 5 “doing the same unpaid/voluntary work that you are doing now” IF ECONACTIVITYD = 6,7 “self-employed in the same kind of work that you are doing now” at the time of the Coronavirus outbreak in March 2020?",10901,,FALSE,
uk.cls.nextsteps,0205bff2-6d8f-4a2b-b90d-c59db40ebd04,"You have said {# P_Email} is your partner’s email address. If this is correct, select 'Continue'. Otherwise please go back and amend your answer.",115,,FALSE,
uk.cls.nextsteps,85fd5b6c-ac15-4891-bce6-2fddb7842508,The home telephone number we hold for you is: {#FFHOMETEL} Is that correct?,10702,,FALSE,
uk.cls.nextsteps,00251687-85ee-4a50-b4a1-8a1344f10ecc,What was their job title at that time?,115,,FALSE,
uk.cls.nextsteps,98bb32b4-8b30-4eea-9198-9d7bdf4a3af8,"What is their full name - title, first name, middle name and surname? Middle name",115,,FALSE,
uk.cls.nextsteps,06c57f93-10f7-4f0c-955a-3719eada6d5b,"In the last seven days, on how many days did you meet up in person with any of your family or friends who do not live with you?",10709,,FALSE,
uk.cls.nextsteps,ecd767de-ff48-4fdb-a2cb-a0b269646a55,What type of school or college are they enrolled in?,108,,FALSE,
uk.cls.nextsteps,3c05b808-b44a-4d28-8231-9d87fdc8db2e,Please enter their e-mail address (if they have one).,115,,FALSE,
uk.cls.nextsteps,f6ac07ff-bf53-41c3-af0f-c45b42939b7d,"You have said that your partner worked for 100 or more hours a week. If this is correct, please select 'Continue'. Otherwise please go back and amend your answer.",10901,,FALSE,
uk.cls.nextsteps,8e08186c-1da7-42e5-8d19-781b18a8cc52,How many of your children do you currently live with?,115,,FALSE,
uk.cls.nextsteps,3eba3170-4486-45e6-81f0-e00d33c3cce5,"We would like to ask you about what your partner is currently doing. Which of these would you say best describes your partner’s situation now?

",109,,FALSE,
uk.cls.nextsteps,9bed851e-dd08-4bc6-8051-8e896e7ef977,What is their full address? Please use capital letters and leave a space between the two parts of the postcode. For example WC1H 0AL. Town *,115,,FALSE,
uk.cls.nextsteps,549084c8-bb12-4eac-90ae-9d6d77af56b4,Are you in a relationship with someone at the moment?,10703,,FALSE,
uk.cls.nextsteps,f482b5b8-83f0-4338-b4fb-f6f4db0db719,"During the autumn term, that is between the end of the summer holiday and the start of the Christmas holiday 2020, was there any time when your child was unable to attend school or college in person?",101,,FALSE,
uk.cls.nextsteps,c792c7d6-2ce9-4513-9c65-d0f8d5fe8d9d,Is {FFTITLE} {FFFIRSTNAME } {FFMIDDLENAME } {FFSURNAME} your full name?,10801,,FALSE,
uk.cls.nextsteps,9b673715-5e45-4918-9338-730848b7cbc8,Why have you chosen not to get vaccinated?,110,,FALSE,
uk.cls.nextsteps,227a1737-a3b3-4938-b599-14b01b5584b9,"Do you have a garden, a patio or yard, a roof terrace or large balcony?",10106,,FALSE,
uk.cls.nextsteps,ae5d5343-824a-41ec-b781-6c813b6052f0,Why did you have difficulty obtaining your prescribed medication?,10903,,FALSE,
uk.cls.nextsteps,d510c414-33cb-4da9-b6d6-c75a8433e115,"You have said {ANSWER AT MOBTELNUK_N} is your telephone number. If this is correct, select 'Continue'. Otherwise please go back and amend your answer.",10901,,FALSE,
uk.cls.nextsteps,41b1a3fb-2c44-47ca-b7b8-5335d9cc4be5,Which of the following did they have available to them to study or do schoolwork?,108,,FALSE,
uk.cls.nextsteps,1237d1f6-d257-4cc4-883b-7c448567a752,"Please confirm these address details are now complete and correct. If not, please select 'No' to update address or add any missing information:  {#ADDCHKL1} {#ADDCHKL2} {#ADDCHKL3} {#ADDCHKTN} {#ADDCHKCNTY} {#ADDCHKPC}",10702,,FALSE,
uk.cls.nextsteps,a1919a1f-78a2-447e-88cc-24817c7af46b,"The answer you've given is quite short. Before continuing, please go back and check your answer to make sure you have fully described what your partner does in their job.",10901,,FALSE,
uk.cls.nextsteps,c49bf21c-fdec-4049-90a1-7182bbb53cf3,"You said you IF TENURE =1 [own your home outright], TENURE =2 [own your home with a mortgage/loan], TENURE =3 [pay part rent and part mortgage], TENURE =4 [rent], TENURE =5 [live rent-free], TENURE =6 [are squatting] TENURE =7 [have some other arrangement], has this changed since the start of the Coronavirus outbreak in March 2020?",10702,,FALSE,
uk.cls.nextsteps,f63dc10a-daea-4ee7-960a-de43c34482c3,"What is your Instagram username (e.g. nextstepsstudy)? To find your Instagram username in the app, click on your profile icon at the bottom right hand side of the screen, and your username will then be displayed at the top middle of the screen.",115,,FALSE,
uk.cls.nextsteps,b37288b9-549c-4354-9bb8-ef867bb7be2b,"You have said the number of rooms in your home is more than 20. If this is correct, press 'Continue'. Otherwise, please go back and amend your answer.",10702,,FALSE,
uk.cls.nextsteps,29e627f5-b21b-4390-8ad0-dd8b1e171612,Please enter their mobile phone number (if they have one). First select either UK or non-UK phone number below.,101,,FALSE,
uk.cls.nextsteps,6573c298-0d48-48ec-ba5d-e062144d38ea,"What was your take home income in the 12 months prior to the Coronavirus outbreak in March 2020? That is, the amount you personally took out of the business after all taxes and costs. If you don’t know the precise amount it would be very helpful if you could provide your best estimate. £",10903,,FALSE,
uk.cls.nextsteps,e4380e64-8827-4b17-91cf-d9e6ae6b1db1,"The answer you've given is quite short. Before continuing, please go back and check your answer to make sure you have fully described what your partner mainly did in this job.",115,,FALSE,
uk.cls.nextsteps,f25c16a1-362c-403a-9efe-5401b40e3337,"You have said that you receive £{HHINCAB} {IF HHINCBP = 1: “per week”; IF HHINCBP = 2 “every two weeks”:; IF HHINCBP =3: “every month”; IF HHINCBP = 4: “per year”}. If this is correct, please select 'Continue'. Otherwise please go back and amend your answer.",10908,,FALSE,
uk.cls.nextsteps,8b11e4a7-5af7-412e-9373-e620a258113e,"On a typical weekday in the last week, how much time have you spent in front of a screen? Please tell us separately about the time you have spent on a screen for work or study and the time you have spent on a screen whilst not working or studying. Please include time spent on all devices including computers, laptops, tablets, phones or TV. Not for work or study",109,,FALSE,
uk.cls.nextsteps,2cd7de04-261d-439c-bab5-af67b6030cde,"We know that it is sometimes difficult for self-employed people to give an exact figure for their income, but could you please think about your take home income in the 12 months prior to the Coronavirus outbreak in March 2020. That is, the amount you personally took out of the business after all taxes and costs. About how much was this? If you don’t know the precise amount it would be very helpful if you could provide your best estimate.",10903,,FALSE,
uk.cls.nextsteps,55ccdc18-431f-4032-9be9-5970a79575b1,The mobile phone number we hold for them is: {FFPRMOBILETEL} Is this correct?,10106,,FALSE,
uk.cls.nextsteps,5ee3d155-b02b-489a-a28f-11bbea4c96d6,"The answer you've given is quite short. Before continuing, please go back and check your answer to make sure you have fully described what you did in this job.",10901,,FALSE,
uk.cls.nextsteps,a286c405-16b3-4499-a383-d3976ff9c869,"On a typical day since the start of the current term in January (when they were not attending school or college in person), how many hours on average did they spend doing schoolwork/studying?",109,,FALSE,
uk.cls.nextsteps,2b2c5af5-f314-406c-b5a1-ae3cb2041ed4,"You have said that you weigh {ANSWER AT WGHTSTP_} stones. If this weight is correct, please select 'Continue'. Otherwise please go back and amend your answer.",107,,FALSE,
uk.iser.ukhls,e999a002-17e5-49dc-a5fc-2ab689dab7f2,b_waist_qwsthip_measure_1_waist (duration in secs),10320,,FALSE,
uk.iser.ukhls,9f631c4c-5564-4e56-a306-bb3105513ab8,What is [ff_forname {leaver's name}]'s contact telephone number?,115,,FALSE,
uk.iser.ukhls,baabe6eb-1eb4-4486-84e8-4745f73b8169,"Cross-wave Person Identifier, female relative",10702,,FALSE,
uk.iser.ukhls,ec03ee20-2c37-413c-9955-19ef8b73f641,pno of parent for twin questions,10702,,FALSE,
uk.iser.ukhls,9b280bf3-54b0-41f1-8f92-57cc860454aa,"Interview date: Year, imputation flag",115,,FALSE,
uk.iser.ukhls,d539705c-e170-4df9-ba59-08f2d89dbcc3,"How many hours does [CHILD NAME] spend watching TV, including video and DVDs, on a normal school day?",10701,,FALSE,
uk.iser.ukhls,ec36b52b-5897-4829-9cc9-e7f27a4e4f75,"HAS RESPONDENT GIVEN CONSENT TO LINK TO NHS-CR DATA IN THE PLACES ON THE CONSENT FORM SHOWN BELOW? RESPONDENT MUST HAVE INITIALLED AT 'C' AND SIGNED, DATED AND PRINTED NAME AT 'D'.",115,,FALSE,
uk.iser.ukhls,3c2f1365-1429-4b60-bfc4-48726ea7bd26,How often does anyone else at home read to [CHILD NAME]?,10706,,FALSE,
uk.iser.ukhls,b99a595d-6ba1-484d-abb9-06564e1bb7a5,Child born early or late,111,,FALSE,
uk.iser.ukhls,622db380-b6d8-43cb-b0ea-4063b498eb96,Do you personally have a mobile phone?,10711,,FALSE,
uk.iser.ukhls,f52759cb-dd7a-47ba-895d-fa2a83f029fa,(Please indicate whether [CHILD NAME] can now do these things using the responses below.) Cuts paper with scissors,111,,FALSE,
uk.iser.ukhls,36ac2b53-5326-4c25-a770-9daefa097c1e,WHICH OTHER LANGUAGE?,10103,,FALSE,
uk.iser.ukhls,f72fbcee-bdb9-43c7-b4b4-60b3b2a3eba4,"confirmed enumeration as twin, triplet, etc. in hh",10702,,FALSE,
uk.iser.ukhls,4bacf8a9-120d-48c6-a6c8-54f3c8b3377d,[[Are you] / [Is NAME]] any of these people?,10403,,FALSE,
uk.iser.ukhls,1a5bf764-d3af-458f-a9d6-c8015e547043,childcare code used for looping,115,,FALSE,
uk.iser.ukhls,e3635408-9fa8-472e-b51a-c4306f8a4f14,"(To what extent is this true about [CHILD NAME]? Please give your answer on the basis of [CHILD NAME]'s behaviour over the last six months.) [CHILD NAME] is often unhappy, down-hearted or tearful",10402,,FALSE,
uk.iser.ukhls,0f43f015-ee5a-4cb7-8560-508273a6c30c,"Cross-wave Person Identifier, main female adult/guardian/‘mother’",10702,,FALSE,
uk.iser.ukhls,d3a73d47-9303-4286-813e-4b4248a05281,"Interview date: Day, imputation flag",115,,FALSE,
uk.iser.ukhls,058a2e43-5de1-4b25-83d8-c162ba6fecec,household identifier (public release),115,,FALSE,
uk.iser.ukhls,4ba1c2b3-8372-49a1-8f90-507b4c65b4a4,How many hours does [CHILD NAME] spend [per day] using the computer at home for any reason? Please do not include any use of a games console.,10711,,FALSE,
uk.iser.ukhls,9dd9debb-d0a7-452f-87f0-bdefea529842,Sometimes people move homes and forget to let us know. It's really helpful to have the contact details of someone such as a relative or friend who would be able to let us know how to contact you. So it would be great if you could give us the details of someone who could simply put us back in touch with you.,115,,FALSE,
uk.iser.ukhls,9b53c398-41d9-4585-8dcd-6c0f7146748b,Even though you weren't working did you have a job that you were away from last week?,10901,,FALSE,
uk.iser.ukhls,082e37b9-eb78-4471-89df-5ddec9ef87b2,twins in hhd,10702,,FALSE,
uk.iser.ukhls,22312bb5-6cc5-4b0a-a5ce-cc26c4948286,"(What is [NAME]/[ff_forname]'s date of birth?) (Details collected previously: [NAME] [SURNAME], [SEX], [DOB])",10107,,FALSE,
uk.iser.ukhls,6d66d10c-b131-45ee-9298-bf0d1933273a,PLEASE ENTER THE MONTH,10901,,FALSE,
uk.iser.ukhls,0546d46c-284a-4e9a-8ba0-be62f1e63c12,To what extent do you agree with the following statements about [CHILD NAME]? [CHILD NAME] is usually happy and content,10706,,FALSE,
uk.iser.ukhls,5a2e01ab-279c-42e4-95be-81ce45db4b5c,To what extent do you agree with the following statements about [CHILD NAME]? [CHILD NAME] is difficult to comfort when crying,10706,,FALSE,
uk.iser.ukhls,c3fd11af-a1f7-45f2-b0c5-295192a4232e,"Please enter the {IF child2 = 1: name and date of birth of the child / IF child2 > 1: names and dates of birth of the children} aged 18 or younger in your household, for whom you are the parent or guardian, and who are currently enrolled in a school or college. ... Name",115,,FALSE,
uk.iser.ukhls,edda7d28-e78d-4fd7-86b1-25fdd15a6fe8,About how much of the amount in investments is held by members of this household?,10904,,FALSE,
uk.iser.ukhls,30b4c134-8f4d-4a67-9166-ac8b9ee8a0c3,twins in hh,10702,,FALSE,
uk.iser.ukhls,97f0efd9-2ced-44e5-a74d-b1c9a6c85e7d,WRITE IN OTHER PARTY,11002,,FALSE,
uk.iser.ukhls,9c426ece-4522-4ad2-96c7-9c1665e1d037,(Please indicate whether [CHILD NAME] can now do these things using the responses below.) Participates in games with other children,111,,FALSE,
uk.iser.ukhls,1bae131f-f3ac-4d31-85cd-05dab240f83e,"Where might you move to? ENTER FIRST LINE OF ADDRESS - HOUSE NUMBER OR NAME AND DETAILS OF ROAD(S). IF NOT KNOWN, ENTER CTRL + K.",115,,FALSE,
uk.iser.ukhls,84cb5136-015d-431e-beff-ff170fa0e545,Lives with spouse in hh,10702,,FALSE,
uk.iser.ukhls,0f275c2f-e722-460d-ad6c-e3f1ffadf3a2,How old were you when you left school?,108,,FALSE,
uk.iser.ukhls,42b811b0-8d79-4f0c-b090-c39e5a2c25c3,Is [ff_forname {leaver's name}] still resident at  [ff_address1] [ff_address2]  [ff_address3] [ff_address4] [address5] [ff_pcode]?,10201,,FALSE,
uk.iser.ukhls,1cccc217-5b27-4dce-b174-fefae5b386b5,"We do not have a mobile number for you. If you would like to receive an invitation for the next monthly survey by SMS, please enter your mobile number.",115,,FALSE,
uk.iser.ukhls,044e45f2-aff1-424d-ad99-f74c6844e6ac,What is your contact's name and title?,115,,FALSE,
uk.iser.ukhls,dce76450-86cf-4c0e-b69e-4259fc8ff76a,Please tell us is there any other information which you think might be useful?,110,,FALSE,
uk.iser.ukhls,9b8df485-46de-4f88-b8ec-6085a76ca199,(Please indicate whether [CHILD NAME] can now do these things using the responses below.) Paints/draws recognizable shapes on paper,111,,FALSE,
uk.iser.ukhls,ce437958-e204-4422-9def-840c58c34c06,Birthweight: more than 5.5lbs (2.5kg),111,,FALSE,
uk.iser.ukhls,dd7082f5-89a0-4497-adbc-9a0c6214639a,whether respondent (responsible adult) signed & dated form,115,,FALSE,
uk.iser.ukhls,ffe7f4e7-f341-4fab-976a-7b0d86d58eab,Newborn child's DOB month,10107,,FALSE,
uk.iser.ukhls,5cb8169b-d161-414a-9cf0-82bde69de97a,NURSE: Please record estimated weight. Enter pounds here.,10320,,FALSE,
uk.iser.ukhls,000b6e14-d7e2-4f4e-97b4-c56719bb053d,"And in an average week, how many units did you drink?",114,,FALSE,
uk.iser.ukhls,c84c7691-d679-4075-a718-5e212405d628,"We currently do not hold an email address for you, please provide one.",115,,FALSE,
uk.iser.ukhls,71f7f6f5-9759-4ebd-8890-3c336bdd06f7,"Interview date: Month, imputation flag",115,,FALSE,
uk.iser.ukhls,0003ecb1-e817-4c45-af9d-0475eafdd152,Age breastfeeding stopped,11101,,FALSE,
uk.iser.ukhls,af7afea4-77b4-4b82-8c31-09e95a889a31,sample status,115,,FALSE,
uk.iser.ukhls,feeab6f8-f93d-448d-9b7f-58d68231f7cc,sequence number of newborn child,115,,FALSE,
uk.iser.ukhls,5ed90042-eea0-45d7-8c63-dcf387c8db80,"(To what extent is this true about [CHILD NAME]? Please give your answer on the basis of [CHILD NAME]'s behaviour over the last six months.) [CHILD NAME] is nervous or clingy in new situations, easily loses confidence",10402,,FALSE,
uk.iser.ukhls,5c75ef3c-8cae-4fa0-9a0e-726de10ee0c8,Please can you tell us your new address? Postcode,115,,FALSE,
uk.iser.ukhls,65cede08-b04c-45fa-9ebf-0fca93da383d,In what month and year did [ff_forname {leaver's name}] move or stop living with you? ENTER MONTH,10702,,FALSE,
uk.iser.ukhls,d25c5de3-2457-40ff-a534-80b45ab30f8e,"On this basis, can we continue to obtain [CHILD NAME] 's education record from the Department for Education for the purpose of adding the data to your survey and your child's survey {if child aged 10-15} responses?",115,,FALSE,
uk.iser.ukhls,69f441f5-48a9-4a43-9422-2596cf29754a,b_waist_qwsthip_measure_3_waist (duration in secs),10320,,FALSE,
uk.iser.ukhls,116f1810-f8d7-4dff-be01-b69b1bc4b091,"Is [CHILD NAME] generally a child who takes a long time to reflect on things and thinks before acting, in other words, not at all impulsive, or is [CHILD NAME] a child who acts without much reflection, in other words, is very impulsive?",111,,FALSE,
uk.iser.ukhls,2411d00d-09cd-4096-b2c8-f3614835b0db,if person eligible for state retirement pension,10907,,FALSE,
uk.iser.ukhls,0fa43cb6-5755-47ed-a73e-88fcecd10b14,"Do you have an address, telephone number, e-mail address or some other type of information for [ff_forname ff_surname and/or ff_forname ff_surname and/or ff_forname ff_surname]?",115,,FALSE,
uk.iser.ukhls,ff388f2a-6386-432f-800e-03c86c9380ed,child education consent - e,115,,FALSE,
uk.iser.ukhls,68a05b6a-4788-4ac1-be45-5a30b9f82ae7,Cross-wave Person Identifier (Public Release),115,,FALSE,
uk.iser.ukhls,387c0d70-0290-41c2-8783-c7b2e8614cc4,Please can you tell us your new address? Street,115,,FALSE,
uk.iser.ukhls,c658cc76-9ffe-4be1-a6d8-0ad338a28272,"Can I just check, how many biological children have you [fathered/had]?",10704,,FALSE,
uk.iser.ukhls,96649668-32fa-45b0-a001-24dc85fbf1a7,"(To what extent is this true about [CHILD NAME]? Please give your answer on the basis of [CHILD NAME]'s behaviour over the last six months.) [CHILD NAME] often volunteers to help others (parents, teachers, other children)",10402,,FALSE,
uk.iser.ukhls,0297e0c7-3bc5-446e-b57e-b8256d40ea48,Have you had any more pregnancies since we interviewed you on [ff_IntDate]?,114,,FALSE,
uk.iser.ukhls,fd31a810-5aba-4829-b74a-1e40aee01db7,child education consent - s/w/ni,115,,FALSE,
uk.iser.ukhls,4562d07c-92d1-4d8e-98f5-629e4346c329,Child born when expected,111,,FALSE,
uk.iser.ukhls,037f1326-743e-4bd5-a301-adf667d06a77,"One of the most important parts of our research is how people are getting by financially these days. We have found that we need to ask about a number of different types of income, otherwise our results could be misleading. Please think about ALL of the extra sources of income you receive, as well as any benefits or tax credits. If you are at all unsure about whether something would count, you can check with me. I'd like to remind you that anything you tell me is completely confidential.",10908,,FALSE,
uk.iser.ukhls,bd91a7bc-5cb0-4d9c-a129-1b243ba6ad6f,child education form,108,,FALSE,
uk.iser.ukhls,0e013edc-7aaf-4e5d-8cb6-1665ba27384c,Primary sampling unit,115,,FALSE,
uk.iser.ukhls,4a620b33-88b9-4ee7-abaa-bdb88e34fa43,"To what address did [ff_forname] move? ENTER FIRST LINE OF ADDRESS - HOUSE NUMBER OR NAME AND DETAILS OF ROAD(S). IF NOT KNOWN, ENTER CTRL + K",115,,FALSE,
uk.iser.ukhls,a08eb873-b347-4441-a5b9-13ac6d341047,"(To what extent is this true about [CHILD NAME]? Please give your answer on the basis of [CHILD NAME]'s behaviour over the last six months.) [CHILD NAME] is helpful if someone is hurt, upset or feeling ill",10402,,FALSE,
uk.iser.ukhls,dd11017c-ee14-4c53-8531-03c59c6f72aa,(To what extent is this true about [CHILD NAME]? Please give your answer on the basis of [CHILD NAME]'s behaviour over the last six months.) [CHILD NAME] thinks things out before acting,10402,,FALSE,
uk.iser.ukhls,d696c179-e9cf-4f4c-9a3b-bb70c2e5e2c6,"The last time we interviewed at this household, we learned that [ff_forname ff_surname (list each ff_potrejoiner)] had left. We have been unable to locate them but would still like to speak to them. Do you have any information about how to contact them?",115,,FALSE,
uk.iser.ukhls,f9ee1de8-14c1-45b7-af63-99a49ea81a82,We next have some questions about what [CHILD NAME] is like. To what extent do you think the following set of statements are true about [CHILD NAME]? Please give your answers on the basis of [CHILD NAME]'s behaviour over the last six months. [CHILD NAME] is considerate of other people's feelings,10402,,FALSE,
uk.iser.ukhls,64c4f895-fcaa-4c9f-b514-0b28f27f166b,"Earlier you said that you are not currently living at this address. [ff_address1] [ff_address2] [ff_address3] [ff_address4], [ff_address5] [ff_postcode] What is your current address? ENTER THIRD LINE OF ADDRESS",115,,FALSE,
uk.iser.ukhls,362b5a08-44e1-4648-89d7-182f1b7efd8b,"And of these childcare arrangements, which three do you use the most?",10706,,FALSE,
uk.iser.ukhls,28b9f657-12c5-4f2e-bb98-0f9d60104faa,"Cross-wave Person Identifier, child",115,,FALSE,
uk.iser.ukhls,40b2f5da-74a5-4497-8fea-e2d47416e021,did you do any paid work last week?,109,,FALSE,
uk.iser.ukhls,4e44ec4a-dde2-4d50-b25f-ba6ac33b6b0d,And how old was [CHILD'S NAME] when you stopped breastfeeding altogether?,111,,FALSE,
uk.iser.ukhls,55bb50f7-ea96-48ad-8f5b-51936b76a934,b_waist_qwsthip_measure_2_waist (duration in secs),10320,,FALSE,
uk.iser.ukhls,5626132b-5953-47a1-935b-f48130e42ba5,(To what extent is this true about [CHILD NAME]? Please give your answer on the basis of [CHILD NAME]'s behaviour over the last six months.) [CHILD NAME] is generally liked by other children,10402,,FALSE,
uk.iser.ukhls,81b0b834-d856-4bd9-9ee0-51a659d2cad5,Please tell me the first line of their address.,115,,FALSE,
uk.iser.ukhls,f47f504d-aad9-4325-8546-af8dc53b0789,Imputation flag for age_dv,10107,,FALSE,
uk.iser.ukhls,00de3d98-20a0-408e-b116-f2c9a06416c9,How much time did you usually spend doing vigorous physical activities on one of those days? This is for physical activities done for at least 10 minutes at a time. ... Minutes per day,10602,,FALSE,
uk.iser.ukhls,d802f5a8-bcc5-4bdd-8c2a-0296192e55b2,"For parents, it is always a big event when their child learns something new. Here is a list of things that children learn to do. Please indicate whether [CHILD NAME] can now do these things using the responses below. Understands brief instructions such as ""go get your shoes""",111,,FALSE,
uk.iser.ukhls,18197002-d0a6-4944-8058-b2642870db06,multiple birth sibling no. 2: zygotic twins in hholds,10702,,FALSE,
uk.iser.ukhls,30988ab0-8f8c-4642-87a3-cbc7ede3161b,(To what extent is this true about [CHILD NAME]? Please give your answer on the basis of [CHILD NAME]'s behaviour over the last six months.) [CHILD NAME] is picked on or bullied by other children,10402,,FALSE,
uk.iser.ukhls,47a5a12c-ec9d-4204-bc25-21ce4b9768b5,"Thinking now about [CHILD NAME], in general, would you say [CHILD NAME]'S health is...",10706,,FALSE,
uk.iser.ukhls,327b1be1-e78a-4a33-8dfd-91d22d320351,"Weight in kg, derived",10320,,FALSE,
uk.iser.ukhls,1ad9a561-8eff-4b02-8cef-fd811a8bd6ec,"Cross-wave Person Identifier, natural/step/adoptive father",10702,,FALSE,
uk.iser.ukhls,4374f4b3-7502-4f1e-b1a4-90b22ffa555f,"This interview is completely voluntary, if we should come to any question that you don't want to answer, just let me know and we'll go onto the next question.",115,,FALSE,
uk.lha,189a9d28-ae60-4640-920f-d229fd121720,Description & Preparation,10601,,FALSE,
uk.lha,843097b2-fbf7-449e-8d0e-fa7ab044808e,Christian Names of child BORN IN MARCH 1946,10704,,FALSE,
uk.lha,05a870ef-851a-420a-9700-e82df3fcf6d1,Vocational exams,10901,,FALSE,
uk.lha,8cd24cef-5716-4812-965f-8f00da498e73,"NEW COLLEGE OR EDUCATIONAL ESTABLISHMENT, IF ANY NAME",115,,FALSE,
uk.lha,0118e7c2-c991-4e65-b9e0-2869397f0e2c,"NEW COLLEGE OR EDUCATIONAL ESTABLISHMENT, IF ANY ADDRESS",115,,FALSE,
uk.lha,24ed70d7-45a3-4912-a857-f17281b10723,Shortage of specialised staff at 15 yrs - second option chosen,10901,,FALSE,
uk.lha,dfd0c825-4fc6-432e-a5fd-bb1a96d60252,Serial Number,115,,FALSE,
uk.lha,16538c9a-51dd-4bee-b6f0-778c1085dee0,What is your occupation?,10901,,FALSE,
uk.lha,aeb6fe45-e25d-4913-b426-f4f04a9fef24,"How thickly did you spread butter, margarine etc. on bread or biscuits?",10601,,FALSE,
uk.lha,665abd94-09cd-4f7b-85d0-28e56c292d6f,Class of Employment 18 years,10901,,FALSE,
uk.lha,4154cf9f-651f-4871-9c43-3fbbe07fd732,Mathematics at 'O' level (pure mathematics and elementary maths - not arithmetic),109,,FALSE,
uk.lha,0891ffea-58cd-4f79-b9d3-88176ad2cb5f,H.V. (Health Visitor) visits in 1947,10502,,FALSE,
uk.lha,fd1e20e7-3fe7-436e-b477-220149fc3e37,Interview contact status at age 13,115,,FALSE,
uk.lha,ad2ad2ba-a6e9-4cd6-b490-ff590e183878,Shortage of specialised staff at 15 yrs - fourth option chosen,109,,FALSE,
uk.lha,a08837d8-d6c5-49c4-95a6-ad637e9a29f0,How much milk do you usually have in tea?,10605,,FALSE,
uk.lha,418175df-1f1e-4790-abdf-6bc12db700b3,Person interviewed,115,,FALSE,
uk.lha,944f520e-fa68-4aa6-8c84-741789a0e35f,Form completion A7 (Nurses Final),115,,FALSE,
uk.lha,cbb51441-48dd-44f2-a42e-e9090d78fbb6,Approximate age of dwelling.,109,,FALSE,
uk.lha,c91edb44-9540-45f5-b786-d90d05c54edb,Length of Interview ... mins.,115,,FALSE,
uk.lha,4611450c-aa57-4f55-ac48-6382cd235d2f,What are his favourite games?,109,,FALSE,
uk.lha,e1285991-ffec-4315-95e4-e264249a0426,Description and Preparation,10601,,FALSE,
uk.lha,b6a0c8fe-4c7f-4529-8cf3-6df412515fed,Person interviewed. ,115,,FALSE,
uk.lha,4f16001a-9709-4a1b-9af3-ac8ee90b8419,Local Education Authority,115,,FALSE,
uk.lha,c4f50941-228c-4e49-921f-6f3e441dcb7a,School amenities at 15 yrs,109,,FALSE,
uk.lha,2fb755ca-c115-45e1-978a-274be4f27e3a,New Address,115,,FALSE,
uk.lha,198cf484-3e71-4cd2-a10b-a6b8a935a027,Reason for leaving a grammar school by 1962 - given by school,10901,,FALSE,
uk.lha,1b38dd66-dd52-4cbc-8aac-d4c6c6e53416,"If mother not interviewed because she was ill, refused, etc., please give reasons.",10501,,FALSE,
uk.lha,a6120965-4290-4829-8fea-812b43e0c58d,Cause of death (if known),10315,,FALSE,
uk.lha,5e7ee27a-4802-40a4-ba76-87753ce599e1,Mothers' late reports on adjustment,10708,,FALSE,
uk.lha,318f03b4-4106-4f0c-b7f1-1367f1b2e355,Date of interview,115,,FALSE,
uk.lha,8bf8d5a2-4009-4459-9e58-685f8f5ca9fd,National Registation No,115,,FALSE,
uk.lha,e96deac0-b6b2-42bd-8380-d8fb3c7233a1,Serial number,115,,FALSE,
uk.lha,2d95a873-b4f7-4e4e-885a-e67981ee3791,NAME OF SCHOOL,115,,FALSE,
uk.lha,79abe59d-5ba1-441d-b226-483af616820c,Parent or relative attending with child,109,,FALSE,
uk.lha,5c555bd4-ba40-4b12-a4f5-aa29b3813be3,English language at 'O' final,10405,,FALSE,
uk.lha,7ac80886-7008-4cd9-a4aa-c144ae79fbae,Time taken for this interview,115,,FALSE,
uk.lha,c41c428a-916d-45c7-a8e8-73185892983d,Please give your reasons for thinking this choice of job is unsuitable or undesirable,10901,,FALSE,
uk.lha,46cf4234-b0c0-45c3-9c98-b015d5ec2135,Name of School Nurse or Health Visitor,115,,FALSE,
uk.lha,7f919ce3-d5f4-403b-b74b-e5596eb3af4b,Form completion 1952 (nurse's form),115,,FALSE,
uk.lha,a6b2397b-0ed0-46ec-ac2b-e87c8e361c61,Name of College,115,,FALSE,
uk.lha,c00d0aaf-cb35-40c3-9dc2-ab20577e7eda,Date of Examination,115,,FALSE,
uk.lha,80446dbf-9469-47f2-ba03-043911f29633,"Do you feel that this was more-or-less a typical week, as far as your eating went? If not, how was it different?",10601,,FALSE,
uk.lha,e4781d51-2f59-4e84-90a0-cd19dfbf06d6,Nurse number,115,,FALSE,
uk.lha,ccb82975-0bc7-4d10-bf92-094bec63d5f0,Leaving school or not,10901,,FALSE,
uk.lha,b65acf19-2113-454d-8841-2919e075731f,Date of Interview,115,,FALSE,
uk.lha,09026935-fdca-4d12-8ed2-275fae1c3e1b,Height at age 15 coded in inches,10320,,FALSE,
uk.lha,c013e4e9-7521-4184-8b0b-64a674867e8d,DAY OF WEEK,10323,,FALSE,
uk.lha,7dfcc25e-851f-4528-8e16-b550b7e5d457,Shortage of specialised staff at 15 yrs - first option chosen,10901,,FALSE,
uk.lha,f0b1b9bf-4e8d-4a7f-b026-1d22009dfdee,Inflation factor to adjust for stratified sample updated 11/10/96,109,,FALSE,
uk.lha,8aa72b89-e4bc-44bf-9d9d-9e52b3e25648,If this child is living but the form cannot be completed please state the reason here :,10315,,FALSE,
uk.lha,6bf78665-9676-4b72-b7eb-328f11e2faf0,Name and Address,115,,FALSE,
uk.lha,0a1942b6-bd2c-46a4-9111-0d123ef1229c,Mother's Name,10315,,FALSE,
uk.lha,2a1a4079-6785-4db7-8c1b-29d6d91d54f9,Time taken for interview ... minutes,115,,FALSE,
uk.lha,7d96cf50-1f23-4462-93f6-a3292e8a44f4,Name of Doctor making examination,10501,,FALSE,
uk.lha,5bbdd73e-8e87-40c3-a7bf-78bf54febdc9,"Have you been pregnant since June, 1950, when this child was 4 yrs. 3 mths. old?",10315,,FALSE,
uk.lha,2a391a4f-2e11-413b-8324-b4ecd14536a3,"Since we last visited in 1982, have you been married, remarried, etc?",10703,,FALSE,
uk.lha,5bd7f1b3-984f-482e-8ac8-549ca248b342,Were you satisfied with the care he received?,10323,,FALSE,
uk.lha,504a495d-cf83-46dd-83a5-a3c55c2c5c4a,Form completion 1950 (2nd f.u.),115,,FALSE,
uk.lha,c26e8c72-750f-4f01-97c2-5374249399f0,what are these habits?,106,,FALSE,
uk.lha,82fb8141-840a-4a04-ba9d-6d17008df4f3,Date of baby's birth,10315,,FALSE,
uk.lha,da6ec892-41e3-46b6-a550-bebfbd383d03,Shortage of specialised staff at 15 yrs - fifth option chosen,109,,FALSE,
uk.lha,f4cba4cb-a5ee-4b57-bde4-6d32c3ad60ce,Name of Doctor making Examination,10501,,FALSE,
uk.lha,be0e423c-0e72-481e-ad8d-a5b893363be5,Which types of milk did you most often use last week? State type,106,,FALSE,
uk.lha,85fcb398-a7fc-4ada-9038-3d060c4ad12d,QUERIES FROM PREVIOUS SURVEYS,115,,FALSE,
uk.lha,1c3d54e3-fd81-44d8-b3af-5d382d44bcdd,Special Queries from Earlier Surveys,115,,FALSE,
uk.lha,89c27b1d-7430-4450-a3b9-6b7505bdda00,Legitimate or illegitimate.,10704,,FALSE,
uk.lha,7812529a-ad93-478e-94ca-94f0320da13f,"Result (If baby died, at what age did he die?) DIED AGED ... DAYS",10315,,FALSE,
uk.lha,e06c8b14-09fa-4797-b4ae-fa7f38e32863,CHECK ON PAST INFORMATION,115,,FALSE,
uk.lha,e5cb33fc-d699-4347-854b-b436612f94f8,"If your husband's work regularly keeps him away from home for 24 hours or more at a time, please give details.",109,,FALSE,
uk.lha,eafaaaa8-0c15-44e5-88b1-37554f3f8300,Length of interview ... mins.,115,,FALSE,
uk.lha,a89f8966-5eaf-49b9-9c16-578e885a1d2b,"Sex - taken from 5,362 list",10315,,FALSE,
uk.lha,24abec61-d03d-4282-91f7-ad6deb70dbf6,Where is his child now living ?,10704,,FALSE,
uk.lha,1ae6e947-6720-4a62-83a5-94cedf294994,Vocational Guidance provision - first option chosen,10901,,FALSE,
uk.lha,2c6897ac-048f-4e2d-9629-420e9c156089,New College,115,,FALSE,
uk.lha,ab361469-a5a4-49c6-bfbe-92426cbaf582,Shortage of specialised staff at 15 yrs - sixth option chosen,109,,FALSE,
uk.lha,711ec1fb-6a0f-42fc-9828-35ffdeebf82a,What was the last school or other place of education you attended?,109,,FALSE,
uk.lha,4f4ffece-ec95-4b38-a0b1-d45db5e03f3b,"If she has transferred since delivery to another M. and C.W Authority, what is her present address?",115,,FALSE,
uk.lha,6902c18d-7def-4bb4-be1c-eb52ea424508,Date of death,10704,,FALSE,
uk.lha,d1f28abf-533e-46cb-b17a-d5101e114168,Time taken for this examination,10502,,FALSE,
uk.lha,9c8905f2-70a4-404d-a322-0b8e927f6014,L.E.A. IF CHANGED,115,,FALSE,
uk.lha,6c8a2ded-5674-4b28-b518-830c6d14baec,Interview date,115,,FALSE,
uk.lha,7c98ec29-5e68-4610-8488-4d8848a3b3a1,Shortage of specialised staff at 15 yrs - third option chosen,10901,,FALSE,
uk.lha,0b174e59-224c-4b40-9e10-bb7448e08efc,End of day number,115,,FALSE,
uk.lha,7c5ddf7e-5752-4ba4-948e-824a9658aa69,Who looked after this child while you were working?,10901,,FALSE,
uk.mrcleu-uos.sws,428ea27d-2ecd-4dfa-8b7d-9c5380b19750,LP: Choline (mg/day) (from FFQ and alcohol),10601,,FALSE,
uk.mrcleu-uos.sws,ab657784-6e03-42a8-b8ca-6d4524c00581,"In the first three months of your pregnancy did you experience any nausea or sickness?

",10315,,FALSE,
uk.mrcleu-uos.sws,0b123798-7399-4cc1-9353-89df446629da,EP: Topical steroid creams,10601,,FALSE,
uk.mrcleu-uos.sws,6bda8d1f-5134-4a8a-844b-86d8e44f944c,Have you left a food diary?,115,,FALSE,
uk.mrcleu-uos.sws,dcbd4abe-790f-488d-8fa8-96c924b3c6a9,"(Optional) Please use the space below to express in your own words the main ways the Coronavirus outbreak has affected your life and/or your loved ones so far, and what you think the effects might be in the future.  Please cover any topic you choose.",10303,,FALSE,
uk.mrcleu-uos.sws,e7647811-1024-4c0c-9c8f-e863a315f912,How many per day (record maximum stated)?,10604,,FALSE,
uk.mrcleu-uos.sws,4cd216ec-1231-4584-b6ae-f3f5c529e619,Is the nose problem usually accompanied by itchy-watery eyes?,10319,,FALSE,
uk.mrcleu-uos.sws,3f91a584-ed3b-4fc9-b0d7-e1743bde609b,Did you smoke at the time of your last menstrual period? ,10604,,FALSE,
uk.mrcleu-uos.sws,c227921a-f7e8-45c9-8df5-022745255400,Mother's forename only:,10320,,FALSE,
uk.mrcleu-uos.sws,cc110e6e-a67a-45e1-a200-06a8721b31b9,Time (24 hr clock),10320,,FALSE,
uk.mrcleu-uos.sws,94eb3702-8782-4ce6-a884-e16bcd52f78e,EP: Choline (mg/day) (from FFQ and alcohol),10601,,FALSE,
uk.mrcleu-uos.sws,18f95c2b-111a-4118-831e-90dcb96981c2,EP: Woman's fat mass index - Wells and Cole,10320,,FALSE,
uk.mrcleu-uos.sws,4735bcc5-9ae7-4b47-9eb1-de64861b5118,what was his last full-time job? Industry,10604,,FALSE,
uk.mrcleu-uos.sws,dfe17017-ca9a-4b61-be81-839bcb317454,EP: Woman given consent for blood sample,115,,FALSE,
uk.mrcleu-uos.sws,20b15cc7-cd07-430c-b6f8-1ab762aec785,Have you left the Baby's Father's Birth Details Form?,115,,FALSE,
uk.mrcleu-uos.sws,40a473d6-c1a3-42c2-be9b-3779a6db6f12,LP: Fisher-Yates normalised PC2,10601,,FALSE,
uk.mrcleu-uos.sws,b9a539ba-1877-4e9a-ac93-94f386885caa,EP: Fisher-Yates normalised PC1,10601,,FALSE,
uk.mrcleu-uos.sws,1c216faa-0656-45a0-ae91-8bc548d47374,Telephone number,115,,FALSE,
uk.mrcleu-uos.sws,76644865-bb03-4d4a-8c25-72ef3605371e,EP: Baby's father's social class,10320,,FALSE,
uk.mrcleu-uos.sws,e924cbbe-819d-4aa4-b75c-b5ed376e7b79,Was he working full time or part time?,10602,,FALSE,
uk.mrcleu-uos.sws,a4c3606f-76b6-4ae8-94b2-ca0a80ada640,Did you suffer from eczema in childhood?,10303,,FALSE,
uk.mrcleu-uos.sws,97450705-0eca-4cae-b8ad-d1dd8789fc4a,May I just confirm your GP's name and address: GP's name: ,115,,FALSE,
uk.mrcleu-uos.sws,7091be4f-b852-4846-94db-86c4fa7e0b4e,Time of urine sample (24 hr clock),115,,FALSE,
uk.mrcleu-uos.sws,2a69d07e-b3b3-48aa-9381-3b51acb508c3,The amount of alcoholic drinks you were consuming.,10601,,FALSE,
uk.mrcleu-uos.sws,53746f5c-b1f1-431f-b963-861beab54d51,"Have you added sugar to breakfast cereals, tea & coffee, puddings etc.?",10601,,FALSE,
uk.mrcleu-uos.sws,b800c5a3-8dbe-4d05-a732-3f7541c64532,Time blood sample taken (24 hr clock),115,,FALSE,
uk.mrcleu-uos.sws,68ac9976-dc91-4a16-abd1-ddc687b3f2b7,Heel ultrasound performed?,10320,,FALSE,
uk.mrcleu-uos.sws,abc0e196-16ee-46fd-befa-b166f44f5af3,"In the last 12 months, has he had a problem with sneezing, or a runny, or blocked nose when he DID NOT have a cold or the 'flu?

",10319,,FALSE,
uk.mrcleu-uos.sws,1f11ec24-0458-4fe6-bbbb-6950375161fa,Height (barefoot) (LHM),10320,,FALSE,
uk.mrcleu-uos.sws,be2537fc-1b8b-4937-b103-5d5509b84cd7,EP: Leucotrience receptor antagonists,10601,,FALSE,
uk.mrcleu-uos.sws,34dfb766-508f-406d-94b0-865a3bd1547f,what is his current job?,10602,,FALSE,
uk.mrcleu-uos.sws,7e9f173f-5280-4ad3-842b-fb2616d4f613,what is his job ?,10602,,FALSE,
uk.mrcleu-uos.sws,59ce0fbc-8790-4cb9-9fe9-fa65af247e41,"EP: Take pills, tonics, tablets or supplements",10601,,FALSE,
uk.mrcleu-uos.sws,67e0ba18-9e96-455e-a083-4e3b5a32d826,Did you smoke when you were around 11 weeks pregnant? ,10604,,FALSE,
uk.mrcleu-uos.sws,7b094e16-ee8a-4f42-96f0-77b2b460ff37,EP: Baby's father's date of birth,10107,,FALSE,
uk.mrcleu-uos.sws,adba214b-0fea-41b8-845c-218737a26879,Have you decided on the baby's name Forenames,115,,FALSE,
uk.mrcleu-uos.sws,f3eaa5c9-dcc3-454f-9028-3620dbef0174,"Init: Parity, two groups",10601,,FALSE,
uk.mrcleu-uos.sws,1ab1feb5-6679-49eb-8c6e-c09daafb0b12,"During your previous pregnancies were you ever treated by a doctor for: Anaemia

",10315,,FALSE,
uk.mrcleu-uos.sws,d76d20ff-1640-4fd6-baca-3966397fd612,Left mid-upper arm circumference (arm straight): Wriggling,10320,,FALSE,
uk.mrcleu-uos.sws,28731430-f6a7-40db-aedb-a3749cae156f,what was his last full-time job? Job position,115,,FALSE,
uk.mrcleu-uos.sws,343c8e64-a4b7-46b5-acda-f1b1e78c10b7,EP: Iodine (ug/day) (from FFQ and alcohol),10601,,FALSE,
uk.mrcleu-uos.sws,44295039-926c-4183-9a37-42694718107a,what is his current job? Industry,10604,,FALSE,
uk.mrcleu-uos.sws,94f6d29a-011a-490c-8735-cac2886c5910,When you ate these how many potatoes did you eat at a typical meal?,10601,,FALSE,
uk.mrcleu-uos.sws,d3737654-1a8c-43e5-b422-dbd2fce3b17d,12m: Woman's atopy,10320,,FALSE,
uk.mrcleu-uos.sws,4f82b9e0-93a7-4a5c-b444-a7c58ecbf51f,"Has he had eczema affecting the creases of his elbows or knees in the last year?

",10303,,FALSE,
uk.mrcleu-uos.sws,a1994224-f66c-408a-b4bf-817519dac50a,EP: Date of interview,115,,FALSE,
uk.mrcleu-uos.sws,18483a12-2a92-43df-874f-351afe27d636,EP: Eye antihistamine drugs,10319,,FALSE,
uk.mrcleu-uos.sws,f0ff8b3a-6abe-4042-9ad6-c9fcad4a2502,Have you had wheezing or whistling in the chest in the last 12 months?,10303,,FALSE,
uk.mrcleu-uos.sws,e6d51b7d-0de6-4db6-a98c-97077d491f58,EP: Nasal cromoglycate drugs,10303,,FALSE,
uk.mrcleu-uos.sws,037cb42b-b93d-4531-bcf2-eda08b5d8ae0,Date of interview:,115,,FALSE,
uk.mrcleu-uos.sws,69876a35-1248-41c8-9970-b640454248cb,Head circumference ... cm,10320,,FALSE,
uk.mrcleu-uos.sws,44383019-ecc9-4749-a12b-a2e153a51ef5,3rd indication,10320,,FALSE,
uk.mrcleu-uos.sws,3ab47272-cb10-42c8-964c-1284cfa6ebd3,Left mid-upper arm circumference (arm straight),10320,,FALSE,
uk.mrcleu-uos.sws,1621ffd5-69d6-4097-885f-13c5ff3a471c,Interviewer:,115,,FALSE,
uk.mrcleu-uos.sws,6e6235e8-5a7a-46b5-9b4f-d015dbf0ea86,Did he suffer from eczema in childhood?,10303,,FALSE,
uk.mrcleu-uos.sws,b6bc0b34-997f-493e-be36-bab6affc6401,Was he going to college full time?,115,,FALSE,
uk.mrcleu-uos.sws,d8fa3301-b6d0-4154-aecc-5af97718270e,EP: Time of last meal or snack,10601,,FALSE,
uk.mrcleu-uos.sws,71d7ce92-fd95-432b-b5b3-2a674a52a5e6,During your previous pregnancies were you ever treated by a doctor for: Diabetes,10315,,FALSE,
uk.mrcleu-uos.sws,e6216e16-c3aa-4328-b555-5e31b8a1681a,"Have you ever had a problem with sneezing, or a runny, or blocked nose when you DID NOT have a cold or 'flu?

",10319,,FALSE,
uk.mrcleu-uos.sws,fc788b55-36bb-4ae5-8f19-fc6c4e8eb9da,"How much did you weigh 6-8 months ago, ie. before you became pregnant? ... st ... lbs ... kg",10320,,FALSE,
uk.mrcleu-uos.sws,157654d3-00be-42d6-8aa2-b0c2af7560d8,what was his last full-time job?,10602,,FALSE,
uk.mrcleu-uos.sws,05288a98-7fea-41ae-ae8f-3bfbec7d26d2,"Was the baby's father in paid employment or self-employed in the week ending last Sunday?

",10315,,FALSE,
uk.mrcleu-uos.sws,c604e9b6-3d4d-472f-8a51-1e25a2f43f80,Height (barefoot) (LHM): Wriggling,10320,,FALSE,
uk.mrcleu-uos.sws,7d04f75f-10a3-47c9-a528-0bae4359e899,How many attacks of wheezing has he had in the last 12 months?,10303,,FALSE,
uk.mrcleu-uos.sws,f3c64eaf-ed51-40b8-a006-bf07277859da,what is his job ? Job position,115,,FALSE,
uk.mrcleu-uos.sws,3c2c699a-81a3-4b9e-8de4-1b3f8d4c5346,"When you ate bread/toast/sandwiches, how many slices/rolls did you eat at a typical meal?",10601,,FALSE,
uk.mrcleu-uos.sws,06975b1d-e547-42a1-8c23-dbad5bc080ed,Infant's forename only:,10320,,FALSE,
uk.mrcleu-uos.sws,18f1ee01-1033-4b97-b424-09431b50435e,EP: Oral/systemic steroids (for any indication),10303,,FALSE,
uk.mrcleu-uos.sws,a65b08f8-19df-446d-b70d-dd087511fb06,EP: Eye cromoglycate drugs,10303,,FALSE,
uk.mrcleu-uos.sws,1f720e08-9334-4a50-a220-0c20544dd19e,"Either as a child or an adult, have you ever suffered from asthma?",10303,,FALSE,
uk.mrcleu-uos.sws,629c65c3-08f9-4240-8003-ef9afdfc5a7d,"In an average day in the past three months, how many times did your child eat, including meals, snacks, biscuits with drinks etc?",10601,,FALSE,
uk.mrcleu-uos.sws,c7933f89-0f08-4bff-8f92-176168e1480f,When not pregnant have you ever been treated by a doctor for: Anaemia,10315,,FALSE,
uk.mrcleu-uos.sws,b884bc8c-fde4-4358-b8e5-4d3003710d1f,EP: Arm muscle area,10320,,FALSE,
uk.mrcleu-uos.sws,a1ec3d5d-e8d0-4fd9-9527-f81d9b3292f5,"Name: (Forename, Surname)",115,,FALSE,
uk.mrcleu-uos.sws,9733c1d2-34f9-4d8b-9c85-cf8410f77720,Time blood sample taken,115,,FALSE,
uk.mrcleu-uos.sws,55b480be-7a00-4ac6-9211-38cc287c005f,Main indication,10320,,FALSE,
uk.mrcleu-uos.sws,a6a1cf82-ea75-425a-939d-fb4c4c424965,"When you ate these how many potatoes did you eat at a typical meal?

",10601,,FALSE,
uk.mrcleu-uos.sws,97231e42-98e4-4582-850c-c6224beb8905,May I just confirm your GP's name and address: Surgery Address:,115,,FALSE,
uk.mrcleu-uos.sws,d92965f9-a18e-4eb9-b1b5-5a2e03c67d32,2nd indication,10320,,FALSE,
uk.mrcleu-uos.sws,20a10e8a-fbad-4442-b718-e38bbf7fb12e,EP: Eye other drugs,10319,,FALSE,
uk.mrcleu-uos.sws,1b15a7aa-9bfc-4e07-a782-e0c8e301f833,EP: Heel ultrasound performed,115,,FALSE,
uk.mrcleu-uos.sws,b81d60c2-a7d4-4e30-8daf-ef96d79c45ea,EP: Units of alcohol per week,10601,,FALSE,
uk.mrcleu-uos.sws,8c606b0d-0f78-45e8-849f-f301134ccd55,what is his job? Industry,115,,FALSE,
uk.mrcleu-uos.sws,26eb0ddb-99bb-4a9a-88c4-0697fab50021,How often you were eating fruit and vegetables?,10601,,FALSE,
uk.mrcleu-uos.sws,ad67f3d1-72af-4227-b541-4669eb212b67,what is he studying?,115,,FALSE,
uk.mrcleu-uos.sws,385e39c2-4be0-40e3-aee3-e20a5a319d79,LP: Iodine (ug/day) (from FFQ and alcohol),10601,,FALSE,
uk.mrcleu-uos.sws,688c1c01-757f-41f5-9ad0-fdf28b261a13,Time finished last meal or snack (24hr clock),10601,,FALSE,
uk.mrcleu-uos.sws,7ce4881c-139e-4ff1-960d-5902edc2352f,Init: Fisher-Yates normalised PC1,10601,,FALSE,
uk.mrcleu-uos.sws,e88504f0-a8aa-441d-a3a8-ce4f67a14dac,EP: Inhaled/oral cromoglycate and related drugs,10303,,FALSE,
uk.mrcleu-uos.sws,4f9488ff-b53c-45c7-bec0-84a6ffdf50d9,What is his date of birth?,10107,,FALSE,
uk.mrcleu-uos.sws,e022f2c2-c6b3-4f7d-a431-971eefc70a0d,EP: Reason baby's father not working or studying,115,,FALSE,
uk.mrcleu-uos.sws,0f5f0391-07d2-49d7-8459-9121eab55f7c,and what was her full name when you were born?,10317,,FALSE,
uk.mrcleu-uos.sws,e7f2aa50-0dca-4001-96d7-b2a6cebbb030,The amount of milk and other dairy products you were consuming,10601,,FALSE,
uk.mrcleu-uos.sws,0898e1f8-8798-49a4-bf0f-1684c231355f,Does anyone smoke regularly in the same room as you?,10604,,FALSE,
uk.wchads,12a1e574-de7e-49be-bc05-dc6a64d83ad9,"Have you experienced any of the following in the last 6 months? A close relative experienced a serious illness, injury, accident or assault. Number of events",10704,,FALSE,
uk.wchads,767dec26-b370-42ba-8b3f-a31e84b12fde,Please circle the ONE response that best describes your child's behaviour in the LAST MONTH Smiles back at you from across a room.,104,,FALSE,
uk.wchads,7393d356-9637-4e5b-b6d1-e887889673a2,"Have you experienced any of the following in the last 6 months? A relationship break-up, separation or divorce. Brief description",10704,,FALSE,
uk.wchads,57396239-4185-4aaf-a048-09515ecaa82c,Within the past six months My Child: Likes going down high slides or other adventurous activities,104,,FALSE,
uk.wchads,48c240c8-f9f6-4df5-9764-8d2092f516b6,Please circle the ONE response that best describes your child's behaviour in the LAST MONTH Jokes or gives you things to make you smile or laugh.,104,,FALSE,
uk.wchads,c36cb6d9-64c4-4d98-b3a2-bca73c41457c,I see myself as someone who... Has an assertive personality,101,,FALSE,
uk.wchads,f5c3dbcf-36e9-413e-bf10-39fa691f759f,"Please circle the ONE response that best describes your child's behaviour in the LAST MONTH. Has a body tic or twitch he or she seems unable to control (for example, eyes, mouth, nose or legs twitch).",104,,FALSE,
uk.wchads,90acea6c-29ad-4cb1-b8cf-734eb843057c,Please circle the ONE response that best describes your child's behaviour in the LAST MONTH Cries or has tantrums until he or she is exhausted.,104,,FALSE,
uk.wchads,5f03ad3e-efb3-444e-a130-12bdbfcab157,"Below is a list of problems and complaints that people sometimes have in response to stressful life experiences. Please read each one carefully, please circle the number that indicates how much you have been bothered by that problem IN THE LAST MONTH HOW DO YOU FEEL RIGHT NOW..? Feeling distant or cut off from other people?",10404,,FALSE,
uk.wchads,e7aafc8e-6f04-4b53-8e27-7cc07c0b7ee1,Within the past six months My Child: Usually rushes into an activity without thinking about it,104,,FALSE,
uk.wchads,92d7a387-6752-4591-963a-9c7476782a43,Within the past six months My Child: Can easily stop an activity when she/he is told no,104,,FALSE,
uk.wchads,075f34cd-cd0b-4b7f-9f3f-96fb7f85ae8f,please give details,103,,FALSE,
uk.wchads,25739f89-4387-4c9f-9144-ae7c73e5a45c,"Please circle the ONE response that best describes your child's behaviour in the LAST MONTH. Pulls own hair out (such as eyelashes, eyebrows, or hair on head).",104,,FALSE,
uk.wchads,4ac66e6c-7525-419d-aa92-5acbc70d1c29,"Many families have pet animals at home, is your child in contact with any pets at least once a week either in your home or elsewhere?",10303,,FALSE,
uk.wchads,67ecfcd2-b766-4e7b-8034-7d928b8a9e8b,"Within the past six months My Child: When practicing an activity, has a hard time keeping his/her mind on it",104,,FALSE,
uk.wchads,34349b11-cb2c-4db2-aeb4-73e9484b347d,"Did you notice any changes in his/her behaviour after the event (eg more moody, withdrawn, etc.)?",10704,,FALSE,
uk.wchads,74ebdddf-f770-46ff-bcd9-207c266c136e,Has your child had a persistent night-time cough at any time since birth?,10303,,FALSE,
uk.wchads,82a45716-4623-46d7-a9f8-2c759af9b9b5,Please fill out this form to reflect your view of your child's behaviour even if other people might not agree. Feel free to write additional comments beside each item. Please circle the response that best describes your child's behaviour now or in the last 2 months. Can't stand having things out of place,104,,FALSE,
uk.wchads,cc562b32-7303-421c-8c81-fcaea5dd98cc,Within the past six months My Child: Is among the last children to try out new activities,104,,FALSE,
uk.wchads,8098336c-49be-4503-bfa8-ff0535ed1dd9,Please tick one box to show which best describes the sort of work you do;,10901,,FALSE,
uk.wchads,f9aac099-c5c8-4d09-91f7-afcdb10a6514,I see myself as someone who... Can be moody,104,,FALSE,
uk.wchads,7e6df187-70a7-4ffb-accd-a1654e93b7f9,Over the past year which health and/or support services have been involved with you and your child? Social worker,10501,,FALSE,
uk.wchads,cc4b27fb-0673-49ec-a611-4f80f0112c58,Within the past six months My Child: Is not afraid of the dark,104,,FALSE,
uk.wchads,0e230342-82fb-411a-bfaa-b48fffd2ad62,Within the past six months My Child: Seems to be at ease with almost any person,104,,FALSE,
uk.wchads,39082a86-1230-4e32-b65f-c5023a978a4a,Does your child have any lasting health problems as a result?,103,,FALSE,
uk.wchads,136d6321-2a24-44c1-99e3-5d315d11c462,Within the past six months My Child: Likes rough and rowdy games,104,,FALSE,
uk.wchads,a490ba5a-38a4-4c5d-bf8f-2c26fd163fdc,"In the last 6 months, has YOUR PARTNER ... Tried new ways of dealing with problems together",10704,,FALSE,
uk.wchads,b743de6b-8966-47cf-87db-b9ba5931fe62,Please fill out this form to reflect your view of your child's behaviour even if other people might not agree. Feel free to write additional comments beside each item. Please circle the response that best describes your child's behaviour now or in the last 2 months. Doesn't eat well (describe):,104,,FALSE,
uk.wchads,28dc8051-9719-47ef-958c-79e8fa6622bc,Please circle the ONE response that best describes your child's behaviour in the LAST MONTH Rolls a ball back to you (or someone else). ,104,,FALSE,
uk.wchads,20c298fd-c702-4b88-95fb-8f9ef9304bc0,Crying is a sign of weakness in boys,11103,,FALSE,
uk.wchads,c952595a-9707-45a1-9aab-d18aa3b26e85,It's hard for my child to understand why someone else gets upset.,104,,FALSE,
uk.wchads,a72f5bb4-e9d0-4b65-89e0-a635cc341937,Have you experienced any of the following in the last 6 months? Death of first-degree relative including child or spouse. Number of events,114,,FALSE,
uk.wchads,2476e089-cfd1-4492-9261-dd9045d75966,"Which of the recreational drugs below have you taken in the past 6 months? Heroin, methadone, crack, cocaine",106,,FALSE,
uk.wchads,01cd51b3-d0f9-4eac-b13d-5ece005801c7,Within the past six months My Child: Comments when a parent has changed his/her appearance,104,,FALSE,
uk.wchads,1683ab61-4146-431f-ac42-19427c907496,He /She ... Does not show feelings or emotions,104,,FALSE,
uk.wchads,09fff025-e1ed-4d6b-a6fb-5203d3b0ee14,My child gets upset when he/she sees another child being punished for being naughty.,104,,FALSE,
uk.wchads,9099a011-9dd5-4b66-933c-0e4279150152,Please circle the response that best describes your child's behaviour now or in the last 2 months. Talks or cries out in sleep,104,,FALSE,
uk.wchads,c5f9ef49-b494-40fd-acfc-ab917a8a3b40,Please circle the ONE response that best describes your child's behaviour in the LAST MONTH. Repeats the last words of sentences or TV commercials.,104,,FALSE,
uk.wchads,37fd281a-2e3d-4c7a-880d-63b93a154f44,Have you experienced any of the following in the last 6 months? Death of a close friend or a second degree relative. Brief description,10404,,FALSE,
uk.wchads,83005f2f-d3f5-43af-80f8-f4246c849702,HOW DO YOU FEEL RIGHT NOW..? I am worried,10402,,FALSE,
uk.wchads,c73245d6-bd2b-4944-939a-1763f5d83319,Please circle the ONE response that best describes your child's behaviour in the LAST MONTH Cries or hangs onto you when you try to leave.,104,,FALSE,
uk.wchads,7a323618-d128-4cd4-9237-475035622684,HOW DO YOU FEEL RIGHT NOW..? I feel nervous,10402,,FALSE,
uk.wchads,a29acf2c-81e8-4e1b-a3c8-5dc42c5f09f4,"Below is a list of problems and complaints that people sometimes have in response to stressful life experiences. Please read each one carefully, please circle the number that indicates how much you have been bothered by that problem IN THE LAST MONTH HOW DO YOU FEEL RIGHT NOW..? Avoid activities or situations because they remind you of a stressful experience from the past?",10404,,FALSE,
uk.wchads,c101b3d0-73a1-4a73-8b52-66167456cc49,Please circle the response that best describes your child's behaviour now or in the last 2 months. Problems with eyes (without medical cause)  Describe,104,,FALSE,
uk.wchads,600a1f6d-de62-4683-8e68-d308e54fca8d,Please fill out this form to reflect your view of your child's behaviour even if other people might not agree. Feel free to write additional comments beside each item. Please circle the response that best describes your child's behaviour now or in the last 2 months. Disturbed by any change in routine,104,,FALSE,
uk.wchads,4726b78f-a42e-4241-885e-01aa25e7b741,Please circle the ONE response that best describes your child's behaviour in the LAST MONTH Seems to have no energy.,104,,FALSE,
uk.wchads,95d0f16a-dc49-44d4-8160-aede9b1fc87f,Please circle the response that best describes your child's behaviour now or in the last 2 months. Resists going to bed at night,104,,FALSE,
uk.wchads,1e7a35bd-3971-47ac-b52e-9a9093b84023,Please circle the response that best describes your child's behaviour now or in the last 2 months. Uncooperative,104,,FALSE,
uk.wchads,8b16d61b-3893-4244-99da-e0d9e7fb135f,Please circle the ONE response that best describes your child's behaviour in the LAST MONTH. Worries about own body.,104,,FALSE,
uk.wchads,65673b76-497d-43fd-a457-9de77d9454f5,"Please circle the response that best describes your child's behaviour now or in the last 2 months. Nervous, highly strung or tense",104,,FALSE,
uk.wchads,d8f6285e-8ba0-4eae-9551-318121e800b3,How old were they when they finished full-time education? ... years,108,,FALSE,
uk.wchads,3b5f3140-8ae0-4724-907f-bd651ce0f834,"Within the past six months My Child: Tends to run, rather than walk, from room to room",104,,FALSE,
uk.wchads,869c3f18-71a8-457e-8ab3-bec4509ea89d,"Below is a list of problems and complaints that people sometimes have in response to stressful life experiences. Please read each one carefully, please circle the number that indicates how much you have been bothered by that problem IN THE LAST MONTH HOW DO YOU FEEL RIGHT NOW..? Repeated, disturbing dreams of a stressful experience from the past?",10404,,FALSE,
uk.wchads,8d53e885-7d92-4b6d-96be-db7624b08900,My partner provides the emotional support I need,10704,,FALSE,
uk.wchads,7c98e297-a86a-4c84-b6f9-362c03657068,Please circle a response to how you feel right now How satisfied are you with your husband / partner?,10704,,FALSE,
uk.wchads,8d7bb557-4980-46e3-b72f-9eaf37033170,"In the last 6 months, have YOU Given your partner more affection to make up after an argument",10704,,FALSE,
uk.wchads,981dbfa4-e0e1-4480-b17b-01b6aa5b2091,Were they kept in for observation and/or treatment?,10303,,FALSE,
uk.wchads,f69501d2-7200-42f6-bdec-8a28cbba1753,Please fill out this form to reflect your view of your child's behaviour even if other people might not agree. Feel free to write additional comments beside each item. Please circle the response that best describes your child's behaviour now or in the last 2 months. Acts too young for age,104,,FALSE,
uk.wchads,394a6aea-ad4b-4736-b5af-f4484b142266,Within the past six months My Child: Rarely gets upset when told she/he has to go to bed,104,,FALSE,
uk.wchads,7b0eced7-6b8c-40a1-a30f-2deb8e2b29cf,How satisfied are you with your housing?,10704,,FALSE,
uk.wchads,2dba5b82-f131-4da1-b07e-a5c89fb611c4,"In the last 6 months, has YOUR PARTNER ... Deliberately disposed of or hid an important item of yours",10704,,FALSE,
uk.wchads,e65f56a5-5160-417d-a256-f6a583ec9622,Please fill out this form to reflect your view of your child's behaviour even if other people might not agree. Feel free to write additional comments beside each item. Please circle the response that best describes your child's behaviour now or in the last 2 months. Easily frustrated,104,,FALSE,
uk.wchads,0df76f3b-3d43-4cd8-a3f0-b8c451eee2e6,My child gets upset when another person is acting upset.,104,,FALSE,
uk.wchads,6c494826-3aa0-4ffc-b4ef-17137118b703,Within the past six months My Child: Is quite upset by a little cut or bruise,104,,FALSE,
uk.wchads,034f172a-50d2-4f4f-a663-12ed73663b88,Please circle the response that best describes your child's behaviour now or in the last 2 months. Too fearful or anxious,104,,FALSE,
uk.wchads,3c115699-74bc-4c06-96b3-c1107f0ef5e5,Please circle the ONE response that best describes your child's behaviour in the LAST MONTH Does not react when hurt.,104,,FALSE,
uk.wchads,0042ff46-447c-4cf6-bbf6-8594801e90fa,Please circle the response that best describes your child's behaviour now or in the last 2 months. Plays with own sex parts too much,104,,FALSE,
uk.wchads,39c62113-db84-4f9f-984c-b3643b37aaac,My child acts happy when another person is acting happy.,104,,FALSE,
uk.wchads,c219d43f-32bd-4372-a324-9d8c4b01d28b,Does your child live with you full-time?,10603,,FALSE,
uk.wchads,4274de2e-f46a-40f5-8ebe-56025586ed55,Within the past six months My Child: Tends to become sad if the family's plans don't work out,104,,FALSE,
uk.wchads,c0f6392a-15c7-4e4f-81d2-dda73585202a,Please circle the response that best describes your child's behaviour now or in the last 2 months. Resists toilet training (describe):,104,,FALSE,
uk.wchads,74d5f7be-8844-4af0-b249-1b6f75259af2,Within the past six months My Child: Likes to sit quietly and watch people do things,104,,FALSE,
uk.wchads,73b1db20-7ed0-4152-97db-e4399b81bad7,please describe:,103,,FALSE,
uk.wchads,dfaf7eaa-00cb-41da-93b3-859fb822d03a,was this due to,114,,FALSE,
uk.wchads,f240dce1-a067-4865-8272-e0948d4fc71a,I see myself as someone who... Remains calm in tense situations,10404,,FALSE,
uk.wchads,f92e3e32-9cbd-4a10-aaae-47008820c080,Please circle the ONE response that best describes your child's behaviour in the LAST MONTH Wakes up grouchy or in a bad mood.,104,,FALSE,
uk.wchads,0688756d-b129-41d1-aa84-dcf6dea2a3ff,Please circle the response that best describes your child's behaviour now or in the last 2 months. Too shy or timid,104,,FALSE,
uk.wchads,2e2232f0-a97d-44bf-970f-166a73902433,What is the date today?,115,,FALSE,
uk.wchads,d30fc57b-53bb-42eb-823b-66a66c16a10e,Please circle the ONE response that best describes your child's behaviour in the LAST MONTH Is shy with new adults.,104,,FALSE,
uk.wchads,8bd02994-70fd-4d29-be8d-5d97a74b71bd,"Please fill out this form to reflect your view of your child's behaviour even if other people might not agree. Feel free to write additional comments beside each item. Please circle the response that best describes your child's behaviour now or in the last 2 months. Can't sit still, restless or hyperactive",104,,FALSE,
uk.wchads,d7f9e66a-1101-437a-9f12-62142da424b6,Please circle the ONE response that best describes your child's behaviour in the LAST MONTH Pays careful attention when being taught something new.,104,,FALSE,
uk.wchads,88684a0e-57f4-40d4-9778-1d79d4cc8195,Please fill out this form to reflect your view of your child's behaviour even if other people might not agree. Feel free to write additional comments beside each item. Please circle the response that best describes your child's behaviour now or in the last 2 months. Avoids looking others in the eye,104,,FALSE,
uk.wchads,b4b4196a-9701-4e15-ab91-77e780b971b0,Please circle the ONE response that best describes your child's behaviour in the LAST MONTH Is impatient or easily frustrated.,104,,FALSE,
uk.wchads,a758edf7-d650-42c3-8402-fe42d9d2546e,Have you experienced any of the following in the last 6 months? Unemployed and seeking work for more than one month Number of events,10901,,FALSE,
uk.wchads,cad24d74-db8b-436e-9268-718485f96aba,Please fill out this form to reflect your view of your child's behaviour even if other people might not agree. Feel free to write additional comments beside each item. Please circle the response that best describes your child's behaviour now or in the last 2 months. Destroys things belonging to his/her family or other children,104,,FALSE,
uk.wchads,79fa6f7c-1f8c-4fd8-be69-61cb691d373f,Please circle the ONE response that best describes your child's behaviour in the LAST MONTH. Won't let other children play with his or her group.,104,,FALSE,
uk.wchads,0b563cd6-a09b-40b3-94be-10f783fd7f83,Seeing another child who is crying makes my child cry or get upset.,11103,,FALSE,
uk.wchads,8bd34acc-61ca-417b-8b31-5feb0046ecc3,Please circle the response that best describes your child's behaviour now or in the last 2 months. Smiles at other children,104,,FALSE,
uk.wchads,458ca24b-fe50-404a-8343-5763cf3a9138,"Within the past six months My Child: When drawing or colouring in a book, shows strong concentration",104,,FALSE,
uk.wchads,5fee824a-0d02-475e-a98a-d8d029cfd373,In the past seven days I have felt scared or panicky for no very good reason:,10404,,FALSE,
uk.wchads,441dcde4-8b3a-4d5f-afe7-cedbfa6ab033,Please give details of any concerns you have,103,,FALSE,
uk.wchads,257b5360-95d9-465b-82ff-8c0d9d06f8a4,Please fill out this form to reflect your view of your child's behaviour even if other people might not agree. Feel free to write additional comments beside each item. Please circle the response that best describes your child's behaviour now or in the last 2 months. Hits others,104,,FALSE,
uk.wchads,327cb15d-f927-451a-9f5f-3a46ff8bf147,Please fill out this form to reflect your view of your child's behaviour even if other people might not agree. Feel free to write additional comments beside each item. Please circle the response that best describes your child's behaviour now or in the last 2 months. Headaches (without medical cause),104,,FALSE,
uk.wchads,50a5ec20-dbad-4b78-9159-62146d8d9309,"I see myself as someone who... Is sometimes shy, inhibited",104,,FALSE,
uk.wchads,34884564-693e-4948-88a7-b3c17280a145,Please circle the ONE response that best describes your child's behaviour in the LAST MONTH Has started doing something he or she had outgrown (like use a pacifier / dummy).,104,,FALSE,
uk.wchads,cabc8326-4463-4da7-8002-bfd74b1bdd92,"At the moment, how difficult do you find it to afford any or all of these items? Rent or mortgage",10903,,FALSE,
uk.wchads,f92b63eb-8749-4207-9ccd-48392a60285d,when did you take them? Pills to treat depression,10504,,FALSE,
uk.wchads,e458d664-10c6-49ec-b5b9-3b1d5a5ef184,"In the last 6 months, has YOUR PARTNER ... Been able to agree to a compromise over a problem",10704,,FALSE,
uk.wchads,486bc647-95ac-4d5c-81a8-deeb2e80cf1d,"Within the past six months My Child: Is full of energy, even in the evening",104,,FALSE,
uk.wchads,9c647742-2947-4453-872c-ef5a7507ee08,"In the last 6 months, has YOUR PARTNER ... Insulted or shamed you in front of others",10704,,FALSE,
uk.whitehall2,5810bee4-13e1-47e9-a25a-cb259a8aab11,WHITEHALL-II ID FOR DPUK,115,,FALSE,
uk.whitehall2,7167b27f-590a-434a-bd23-60b11792baa8,Negative Affect: 0 to 15 (S1d),10404,,FALSE,
